drugid,smiles
DR5606457a,O=C(NCCc1c[nH]c2ccccc12)C1CCN(C(=O)c2ccc(-c3ccccc3)cc2)CC1
DR7a724043,CCn1c(=O)cc(N[C@H]2CC[C@H](C(=O)NC)CC2)c2cc(-c3cncs3)ccc21
DR13cecbfe,Cc1cc(OCC2CCCN(C(=N)N)C2)cc(OS(=O)(=O)c2ccccc2Cl)c1
DR6f9c6129,c1ccc(CNc2nnc(-c3nc4ccncc4s3)o2)cc1
DR03d3f7d8,CCNC(=O)[C@H]1O[C@@H](n2cnc3c(NCC)nc(C#CC4(O)CCCC4)nc32)[C@H](O)[C@@H]1O
DRe323569c,CCN(C(=O)Cc1ccc(S(N)(=O)=O)cc1)C1CCN(CCC(c2ccccc2)c2ccccc2)CC1
DRcb5c6c9d,CCCCCCCCc1cccc2c1CC[C@@H](CO)NC(=O)[C@H](C(C)C)N2C
DRacaff4d7,COc1ccc(F)c(F)c1C(=O)c1cnc(NC2CCN(S(C)(=O)=O)CC2)nc1N
DR26d07628,Cc1cccc(C)c1C(=O)N1CCC(N2CCN([C@@H](C)c3ccc(S(=O)(=O)c4ccc5c(c4)OCO5)cc3)[C@H](C)C2)CC1
DRd5f48965,Nc1nc(O)c2c(n1)CCc1c(Cl)cccc1-2
DR18d78472,C[C@H](NCc1ccc(OCc2ccccc2F)cc1)C(N)=O
DRd0600bb2,Cl.Cn1cc2c(OCC3CCN(CCN4CCOCC4)CC3)nc3ccccc3c2c1
DR8d37869e,Br
DR453bc6fb,FC(F)(F)Oc1cccc(-n2nnc3ccc(NC4CC5(CCNCC5)C4)nc32)c1
DRbe6cf995,CC(C)CC(NS(=O)(=O)c1c(F)c(F)c(F)c(F)c1F)C(=O)NO
DR1a66a061,Cc1c(CC(=O)c2ccccc2)oc(=O)c(C)c1O
DRe199451b,NNS(=O)(=O)c1cc(C(=O)O)cc(C(=O)O)c1
DR37e0e93f,N#Cc1ccc(C(=O)NCCC(c2ccc(F)cc2)c2ccc(F)cc2)cc1
DRf8afdb57,CC(C)(CCCCC(=O)NO)Nc1c(Nc2ccc(C(F)(F)F)cc2)c(=O)c1=O
DRdaf5b01f,N#Cc1c(Oc2ccc(F)c(NC(=O)Cc3cccc(C(F)(F)F)c3)c2)ccc2nc(NC(=O)C3CC3)sc12
DR34846167,COc1cc2c(N3CCN(C(=O)Nc4ccc(OC(C)C)cc4)CC3)ncnc2cc1OCCCN1CCCCC1
DR69cb5617,O=C(O)c1ccc(-c2nc(C(=O)c3c(Cl)cccc3C3CC3)n3c2CCCC3)c(F)c1
DR16753db6,CCCCC1=C(C(=O)OC)C(c2ccc3c(c2)OCO3)Oc2ccc(OC(C)C)cc21
DR119a9fe6,CN1CCC(c2nc(-c3ccc(C(=O)NC4(C(=O)NCC#N)CCCCC4)cc3)cs2)CC1
DR054b9bb7,Clc1cccc(N2CCN(CC[C@H]3CC[C@H](Nc4ncccn4)CC3)CC2)c1Cl
DR16d4b8ec,Cn1c(=O)c2c(cc(-n3cc(-c4ccc(Cl)cc4)nn3)n2C)n(C)c1=O
DR63774d4a,FC(F)(F)Oc1cccc(Nc2cc(Nc3ccccc3)nc(N3CCCCC3)n2)c1
DRfb9ebd65,Cc1cc(O)c(O)cc1-c1cc(O)cc(O)c1C(=O)O
DR54ea2268,O=C1NC(=O)/C(=C/c2ccc(-c3cc(=O)c4ccccc4o3)cc2)S1
DRdbf67b9c,Nc1nc(NCCc2ccc(O)c(O)c2)nc2sc(-c3ccco3)nc12
DR483424a9,Cc1nn(C(=O)c2ccc(N)cc2)c(C)c1Cl
DR7a7239f6,CN1C(=O)C2(CCN(CC3CCCCCCC3)CC2)c2ccc(O)cc21
DR7ef2f9bc,Cc1n[nH]c2ccc(-c3cncc(OC[C@@H](N)Cc4c[nH]c5ccccc45)c3)cc12
DR44204500,O=C(OCc1ccccc1)c1cc(-c2ccc(Cl)cc2)[nH]c1-c1ccncc1
DR8bd8cabf,CNc1nccc(-c2c[nH]c(=O)c(N)c2)n1
DRd555f0f2,CC(C)(C)CC[C@H](c1ccc(C(=O)NCCC2=NNNN2)cc1)N1C(=O)C(c2cc(Cl)cc(Cl)c2)=N[C@]12CC[C@@H](C(C)(C)C)CC2
DRee94959f,O=C(O)C1C(c2ccccc2)C(C(=O)Oc2cccc3ccccc23)C1c1ccccc1
DRdaedf139,CN1CCN(c2ccc3nc(-c4c(N)c5c(F)cccc5[nH]c4=O)[nH]c3c2)CC1
DR94fc0c5d,COc1cc(NC(=O)c2ccc(-c3ccc(Cl)cc3)o2)cc(OC)c1
DR2eab711b,Cn1nc(-c2ccc(F)cc2)cc1C(=O)NCCCCCCS
DR0bc0b957,C=CC(C)(O)CCC=C(C)C
DR79fcb455,C[C@@H]1CC[C@H]2[C@@H](C)C(=O)O[C@@H]3O[C@@]4(C)CC[C@@H]1[C@]32OO4
DR103709c8,CNC(=O)c1c(NCC2CCC3(CCC3)CC2)nc(C#N)nc1OCC1CCN(C(C)C)CC1
DR309d0e68,C[C@@H](Oc1cc(-c2cnn(C3CCNCC3)c2)cnc1N)c1c(Cl)ccc(F)c1Cl
DRad0a2b63,NS(=O)(=O)c1cc2cc(CN3CC[S+]([O-])CC3)sc2s1
DR71edaafa,N#Cc1c(-c2cccc(NC(=O)C(O)CCC(=O)[O-])c2)cc(-c2ccccc2O)nc1N.[Na+]
DRe15414b8,C[C@@H]1CN(C(=O)C[C@H](N)Cc2cc(F)c(F)cc2F)Cc2ccc(C(F)(F)F)n21.Cl
DR39500344,O=c1cc(-c2ccc(OCCOCCn3cc(CCCOc4ccc5c(=O)cc(-c6ccccc6)oc5c4)nn3)cc2)oc2ccccc12
