mutated_position,ori_value_ConPLex,ori_value_DeepConv-DTI,ori_value_TransformerCPI,ori_value_DrugBAN,ori_value_meta_full_esm2_xmol_prob_attention,Region,ori_label_5A
1,0.004713033374987151,1.206523493712501e-05,8.077578947369479e-05,0.000502206777271454,0.00074620368421054,d,0
2,0.0009800352548298083,4.3696478793489735e-05,0.00014595052631581837,0.0013403735662761488,0.0003011394736842,d,0
3,0.001340778250443308,2.3117190913132656e-05,8.174263157896617e-05,0.002050440562398816,0.000701723157894752,d,0
4,0.003832851585588957,1.4474517420736074e-05,0.00015810210526313653,0.0028485781268069734,0.0013278163157894873,d,0
5,0.0013749034781205026,2.3396391617641914e-05,0.00015821473684212396,0.0016662321592632034,0.0005198952631578885,d,0
6,0.0010274146732531097,5.374770415455503e-05,0.00018639947368418044,0.003755817287846598,0.0008911100000000136,d,0
7,0.000668792348158987,3.2923723522020565e-05,0.0002473294736841921,0.0035894764097113476,0.0008677068421052425,d,0
8,0.0007796852212203177,3.1141858351887254e-05,0.0003653715789473436,0.006746342307642881,0.0020586531578947625,d,0
9,0.0015829707446851228,0.00010272389964053505,0.00028766789473685207,0.006089844201740466,0.0020736994736842225,d,0
10,0.0014388937699167353,4.47819107457328e-05,0.00021173421052630252,0.004929395098435274,0.0013876621052631636,d,0
11,0.0006556950117412366,1.996755599977339e-05,0.00029063789473684603,0.008683954414568425,0.002012645789473694,d,0
12,0.003183916995399877,7.876283244083386e-05,0.00014151210526315352,0.005752372114281893,0.0015508368421052715,d,0
13,0.0019498938008358604,2.4052042710141992e-05,0.00010690368421051895,0.005198663786837929,0.0013383605263157926,d,0
14,0.0010477367200349506,2.7829094936967326e-05,0.00018530631578944927,0.00820667179007281,0.002161143684210545,d,0
15,0.0011669303241528962,4.563833537852309e-05,0.00017131789473682972,0.015316200883764952,0.0037708199999999994,d,0
16,0.0008143719873930278,4.117739828009939e-05,0.0001585342105263504,0.010922017850373939,0.0027449042105263167,d,0
17,0.0019477699932299163,2.3663043975824234e-05,0.00014907105263158686,0.008667763910795507,0.002216065263157891,d,0
18,0.002431035041809082,2.1633348966864612e-05,0.0001363936842105077,0.004320044266550159,0.0009683005263157842,d,0
19,0.003438083749068411,4.2664377312899495e-05,0.0001980863157894948,0.013617970441517066,0.0042797284210526546,a,1
20,0.00264585018157959,2.7829094936961484e-05,0.00020763421052632193,0.007518416956851357,0.0016961489473684348,d,0
21,0.0008090232547960783,4.185187189201391e-05,0.00020553842105263645,0.012990013549202378,0.00290056052631578,a,1
22,0.0011265968021593597,3.8968889336807746e-05,0.0001764278947368484,0.012072996089333,0.0036412168421052714,a,1
23,0.0013006705986826044,4.6130857969567686e-05,0.00013378789473683064,0.00942756627735337,0.002400933157894738,a,1
24,0.0013782727090935957,0.00017891118400974694,0.00015414999999997572,0.021317290632348305,0.005544338421052643,a,1
25,0.0008145068821154142,4.112720489503122e-05,0.00017821473684207967,0.04256749780554521,0.01056556210526316,a,1
26,0.0013991061009858783,2.914039712203761e-05,0.0002650294736841781,0.04850209073016518,0.01241967894736843,d,0
27,0.0008248561307003623,7.047151264390279e-05,0.0001500436842104897,0.016735425120905825,0.004228861578947371,a,1
28,0.0009021978629262824,2.8729438781709065e-05,0.00015176157894735668,0.01995777142675299,0.004899381052631576,d,0
29,0.0004995151569968776,8.920933070934532e-05,0.0001415494736842303,0.029224082043296414,0.007401856315789479,a,1
30,0.0014767803643879137,3.5395747736898185e-05,0.00017343736842104365,0.03484554353513216,0.00931291000000002,d,0
31,0.0007185308556807669,6.048616610071792e-05,0.00021015052631577125,0.028272562905361776,0.007166182105263167,d,0
32,0.0009177233043469881,2.8657285790711917e-05,0.00018475999999995927,0.012853405977550306,0.003088626315789486,d,0
33,0.0008902643856249357,8.069527776617169e-05,0.00012645263157894324,0.007390037963264855,0.0018641310526315714,d,0
34,0.002595531313042892,3.019132112204813e-05,0.00019569052631581533,0.012489808233160699,0.003041340526315784,d,0
35,0.0008984521815651341,4.807271455464779e-05,0.00018015473684211618,0.007625790018784378,0.0020197326315789577,d,0
36,0.002165957501060084,3.0373272142923897e-05,0.00016105736842105637,0.008944160059878742,0.002244683157894746,d,0
37,0.0005174404696414346,6.638388884695537e-05,0.00017830631578947002,0.013241055764650038,0.0032918573684210515,d,0
38,0.0022528704844023053,3.972806428607557e-05,0.0002432884210526074,0.007813469359749243,0.002144647894736831,d,0
39,0.0005199815097608065,5.346222927694658e-05,0.000208406842105295,0.0187216652067084,0.004520184736842114,d,0
40,0.0018896272307948063,7.241023214240407e-05,0.00021292368421055308,0.0183489667741876,0.003876208421052612,d,0
41,0.0010086611697548314,4.649162292481053e-05,0.0001228742105263049,0.009344515047575316,0.002187104210526311,d,0
42,0.0011875472570720472,3.362329382643704e-05,0.00017966421052632194,0.0071765560852854165,0.0019126136842105262,a,1
43,0.001977236647354929,2.3054449181795983e-05,0.00011690421052631814,0.007047621827376534,0.002034413157894742,d,0
44,0.0004665255546569824,2.5840182053409555e-05,0.00022422999999997147,0.009029121775376158,0.002106375789473679,a,1
45,0.0036372981573406017,2.753107171311959e-05,0.00020296263157892317,0.01790232407419305,0.0032187421052631486,d,0
46,0.0021955527757343495,3.1443018662267055e-05,0.00028031789473681457,0.008389181212375009,0.0021035063157894655,d,0
47,0.0009168543313678942,8.87607273302405e-05,0.00019534263157891383,0.01943887534894439,0.004752232631578938,d,0
48,0.0005008013624893991,3.108225370708265e-05,0.00011718631578945611,0.01753907140932588,0.004018477368421039,d,0
49,0.004152304247805947,3.061796489515971e-05,0.0003334173684210973,0.013182310681593987,0.00217924473684208,d,0
50,0.0016058495104402236,2.6577397396672437e-05,0.0002743436842105435,0.009763808626877663,0.002214254736842085,d,0
51,0.0006319849114668997,3.384288988618259e-05,0.0001429152631579056,0.007903613542255609,0.0018917110526315752,d,0
52,0.003580381995753238,3.250335392197311e-05,0.0003053336842105549,0.010453556713305022,0.0030927878947368524,d,0
53,0.0009129957148903294,4.022372396369314e-05,0.00011430842105263876,0.007644323926222934,0.0018214868421052694,d,0
54,0.003161386439674779,2.0607521659461214e-05,0.00033037368421055157,0.008939206600189167,0.002565817894736866,d,0
55,0.004018018120213559,6.051753696644177e-05,0.0001926600000000199,0.012183506237833106,0.0021835489473684263,d,0
56,0.0045400230508101614,2.1272584011668516e-05,0.00013609842105262522,0.01147561951687462,0.002151227368421046,d,0
57,0.0013018971995303506,2.132591448330381e-05,0.0001776073684210195,0.012423998431155539,0.0030020457894736705,d,0
58,0.0022082705246774773,1.933386451320813e-05,0.00016779842105262813,0.007671271499834557,0.0017931410526315725,d,0
59,0.0014826529904415733,2.2367427223595427e-05,0.00023173052631581274,0.005819891628466155,0.0020094442105263134,d,0
60,0.0008211857394168252,3.8504600524908185e-05,0.00012036526315788676,0.00895289370888159,0.0021507431578947343,d,0
61,0.0007004235920153166,4.6764549456150474e-05,0.00014761578947366632,0.006841979528728284,0.0019323326315789455,d,0
62,0.0005620059214140239,3.078736756974945e-05,0.00017604947368422027,0.00888811600835697,0.0024505484210526397,d,0
63,0.0009132309963828639,2.9748991916036644e-05,0.00026307368421053584,0.00794946206243414,0.002044782631578952,d,0
64,0.0016176480995981318,2.403949436389102e-05,0.00014032842105264547,0.008490327157472327,0.0022991121052631644,d,0
65,0.002350305256090666,3.1439881575711616e-05,0.00011807052631577979,0.013927045621370008,0.0040531615789473705,d,0
66,0.0006459763175562808,2.6546026531024552e-05,0.00017410578947365062,0.009696499297493376,0.0025758731578947474,d,0
67,0.0017331242561340332,2.5520199223586094e-05,0.00018140526315789604,0.007858662228835245,0.0017017921052631581,b,1
68,0.0007806577180561266,4.352393903229782e-05,8.342947368419165e-05,0.015053149900938353,0.0037703226315789658,d,0
69,0.0031020515843441614,2.36567698027192e-05,0.00018680894736843837,0.009822412541038094,0.002074212105263163,d,0
70,0.0016005823486729672,3.212376644735089e-05,0.00031477000000003727,0.00957211381510685,0.0021065631578947204,d,0
71,0.0004676298091286107,3.207984723544035e-05,0.00019339894736842016,0.005476192424171844,0.0013810531578947534,d,0
72,0.0011600130482723838,2.2587023283305923e-05,0.0003161236842105464,0.008128370109357339,0.001740705263157879,d,0
73,0.0014931371337489078,4.748607936657189e-05,0.00016761052631578268,0.007823439020859557,0.0020433978947368425,d,0
74,0.001104044286828292,2.643622850116346e-05,0.0002177247368421059,0.005622600254259617,0.0013623726315789301,d,0
75,0.0008807558762399774,3.6085906781601586e-05,0.00021162631578951427,0.009286089947349146,0.0019268026315789376,d,0
76,0.0009653944718210321,5.639226813067716e-05,0.00013388263157896202,0.007859826087951638,0.0018846531578947316,b,1
77,0.001522290079217208,5.185917804116281e-05,0.00016385210526313388,0.016482393992574573,0.00349976052631579,b,1
78,0.0020203402167872377,2.5981350948924375e-05,0.0001723068421052357,0.009598208101172196,0.0021233778947368277,b,1
79,0.0014698913222865055,1.9795016238558095e-05,0.00015386578947369266,0.012376888802177051,0.003315498947368437,d,0
80,0.0011253576529653448,3.415032436976092e-05,0.000418182631578983,0.010786169453671116,0.0030549884210526266,d,0
81,0.0010289047893724944,2.9642330972783582e-05,0.0007907736842105674,0.012706195053301365,0.0031516068421052596,d,0
82,0.0012922224245573346,2.9190590507117464e-05,0.00027722526315789394,0.012056363256354086,0.003212474736842111,d,0
83,0.002240133912939774,3.534555435178911e-05,0.00033462157894738115,0.024694166685405517,0.006705996842105272,d,0
84,0.0015633576794674522,3.1828880310076124e-05,0.0006737894736842504,0.029575416916295102,0.007967078421052627,d,0
85,0.0018325197069268477,4.439604909797048e-05,0.0010270842105263417,0.03787340302216379,0.009917816842105284,d,0
86,0.0015625671336525365,3.601689087714235e-05,0.0006832294736842425,0.03308572267231189,0.00895158368421054,d,0
87,0.0012642960799367803,2.13039548773164e-05,0.00019126789473683221,0.027736224626239977,0.006968791052631578,d,0
88,0.001100232726649234,4.6661025599423635e-05,0.00018614526315790787,0.113096064642856,0.02809017315789476,d,0
89,0.0009222783540424548,2.880472885936099e-05,0.0002800152631579184,0.16830369359568545,0.0417471863157895,d,0
90,0.001033036332381399,2.5360207808621776e-05,0.00021718578947365298,0.03405583845941647,0.008389074736842122,b,1
91,0.0007519000454952842,6.0291666733597026e-05,0.00010158368421051438,0.05333640073475085,0.013209051578947379,b,1
92,0.002076883065073114,2.6935025265336466e-05,0.00013480315789470812,0.11854906144895051,0.028739525263157886,b,1
93,0.0011002484120820697,5.437512146796266e-05,0.00016237999999999997,0.05299113612425955,0.013141971578947382,b,1
94,0.0007107634293405633,5.215406417847264e-05,0.00015387368421052185,0.07913786800284135,0.01986435894736843,b,1
95,0.0024841270948711192,3.180064653096615e-05,0.00015342578947369638,0.0550523651273627,0.014131256842105267,b,1
96,0.002376377582550049,2.553902174295379e-05,0.0001890747368420957,0.018919816142634355,0.004040392105263144,b,1
97,0.0008517346884074964,3.0119168131004237e-05,0.0002234578947368723,0.06128982493751928,0.01513080947368423,b,1
98,0.0006160579229656019,8.645183161685341e-05,0.0002512778947368724,0.04363991712269031,0.010954075263157888,b,1
99,0.0009064831231769762,3.7183887080142374e-05,0.00016181578947370068,0.03717518480200516,0.009246256315789488,b,1
100,0.002443028123755204,2.0049120250506974e-05,0.00015177105263159728,0.019489241273779642,0.004666864210526311,d,0
101,0.0015646062399211683,2.3274045241500634e-05,0.0002630684210526789,0.016555171263845342,0.0043801673684210505,d,0
102,0.000839782388586747,2.4895918996710526e-05,0.00019451789473687162,0.020104012978094804,0.005012444210526326,b,1
103,0.0072270694531892474,2.4453589790728254e-05,0.00030019684210529015,0.01808977127075193,0.0036343468421052676,d,0
104,0.0011347689126667223,7.379368731850657e-05,0.00023194105263161995,0.015435664277327676,0.003926665789473684,d,0
105,0.0019152321313556872,2.2740740525060027e-05,0.00013885578947369024,0.017778032704403514,0.004329841052631584,d,0
106,0.0011269952121533845,4.7166096536719206e-05,0.00020691210526315845,0.009086856716557547,0.0022886594736842027,d,0
107,0.004854606954674972,4.251693424426796e-05,0.000125076842105282,0.01101235339516087,0.0024547463157894695,d,0
108,0.0019457873545194928,4.699355677555651e-05,0.00013794052631580685,0.009849228357013868,0.0024740805263157965,d,0
109,0.0016743885843377364,4.5337175068102386e-05,0.00015779789473682895,0.016012994866622145,0.003777666842105255,d,0
110,0.000677494626296194,4.74045151158383e-05,0.00012110842105260642,0.01017729232185766,0.0024759326315789408,d,0
111,0.001782586700037906,2.304190083554501e-05,8.82310526315541e-05,0.019860848000175096,0.005167581578947378,d,0
112,0.0012611840900621917,3.8934381384645324e-05,0.00021526736842108747,0.012002176360080122,0.0030806384210526265,d,0
113,0.0048975819035580286,2.151413967740148e-05,0.0003047400000000314,0.009990083543877865,0.002463782631578952,d,0
114,0.0016312159990009509,1.2011904465530618e-05,0.00011301947368419789,0.008993691519687028,0.002132033157894722,d,0
115,0.0005645689211393657,2.076751307436126e-05,0.00022327000000003854,0.006051524689323012,0.0015285952631578972,d,0
116,0.0011984988262778835,2.937254152799323e-05,0.0001311615789473837,0.008616607440145392,0.002218012105263161,d,0
117,0.0009899296258625231,2.7973400919055114e-05,0.00016540842105261522,0.01601469830462807,0.004006583684210538,d,0
118,0.0007503597359908255,3.7773659354762025e-05,0.0001264510526315552,0.011310972665485594,0.0027567036842105134,d,0
119,0.0009836052593431976,3.0771682136931346e-05,0.00015392842105265672,0.017694548556679172,0.0041383257894736895,d,0
120,0.0011190489718788548,1.394747371954558e-05,9.651210526315673e-05,0.010913544579556102,0.002710789999999998,d,0
121,0.0023816572992425215,2.5805674101171172e-05,0.0001737568421052876,0.014001265952461628,0.0037458510526315824,d,0
122,0.0010242901350322523,1.7931586817702888e-05,0.0002103331578947306,0.008477728617818762,0.0021024689473684182,d,0
123,0.0007028611082779733,3.644353465030652e-05,0.00023448578947369759,0.012039971979040843,0.0030059752631579105,d,0
124,0.0012109593341225072,3.346330241151362e-05,0.00024807894736839965,0.011237646404065584,0.0032109447368421306,d,0
125,0.0008528859991776315,4.62469301725455e-05,0.00015958631578947164,0.009926877523723402,0.002189296842105255,d,0
126,0.0006110291731984992,4.1230728751723e-05,0.00021602263157892066,0.008070343419125223,0.002010955789473681,d,0
127,0.0008146292284915322,4.366197084126304e-05,0.00016700736842108283,0.01870713422172948,0.004674295263157903,d,0
128,0.0021657347679138184,6.081556019030119e-05,0.00014038263157895318,0.00934219360351559,0.002142910526315784,d,0
129,0.001495511908280222,2.7267556441469336e-05,0.00014294894736840833,0.007770328145278133,0.002062413684210539,d,0
130,0.0006456155526010614,3.561220671002402e-05,0.0001403778947368358,0.006560824419322755,0.0015152794736842097,d,0
131,0.0024268627166748047,3.500361191599577e-05,0.00030708157894738565,0.008717147920956236,0.0023195773684210504,d,0
132,0.0023142068009627493,3.202337967724961e-05,0.0001827742105262773,0.005445389371169229,0.0012355531578947386,d,0
133,0.0032500906994468288,3.70489923577618e-05,0.0003127868421052341,0.011806873898757132,0.0022706936842105175,d,0
134,0.001098730062183581,4.452153256065552e-05,0.000153315789473652,0.006629909339703983,0.0016648505263157905,d,0
135,0.0004288209112066972,2.5959391342942806e-05,0.00016710421052633593,0.00785550004557561,0.0018629994736841968,d,0
136,0.0006558330435501901,8.90211055153353e-05,0.00016755368421050854,0.01150078208822953,0.003138693157894752,d,0
137,0.000581778978046618,2.778831281160638e-05,0.00038078842105260247,0.01072801100580314,0.0026986947368421036,d,0
138,0.00106207947981985,5.243953905606356e-05,0.00030359736842101056,0.00678715580388117,0.001763327894736836,d,0
139,0.00040227488467567846,9.039201234516929e-05,0.0001971899999999816,0.004053906390541501,0.0010398705263157874,d,0
140,0.0004826125345732036,9.767005318086029e-05,0.00031215894736837476,0.005775244612442808,0.0013663694736842107,d,0
141,0.0007593788598713122,4.482269287106453e-05,0.00030689578947365605,0.0041907335582532556,0.0008516863157894683,d,0
142,0.0011687372860155608,4.274907865020021e-05,0.00017107894736842342,0.007876982814387253,0.0017190826315789387,d,0
143,0.0005147425751937064,6.473691839919678e-05,0.00015954421052628915,0.004461313548840963,0.0010578931578947527,c,1
144,0.0015808375258194772,5.360967234557812e-05,0.0002154894736842278,0.00379560495677749,0.0009924368421052657,d,0
145,0.0006571725795143529,6.588822916936117e-05,0.0001667684210526064,0.007923988919509068,0.0020881568421052764,c,1
146,0.0009401377878691021,7.743898190953014e-05,0.00013086578947368573,0.003900647163391119,0.0010286605263157716,d,0
147,0.0037966339211714896,4.9729096262113594e-05,0.00028187526315791517,0.004669688249889179,0.0014273221052631664,d,0
148,0.002074746709120901,4.4505847127802356e-05,0.0002274452631579122,0.008197216611159476,0.002497964210526323,d,0
149,0.0006522316681711297,8.153287987960596e-05,0.00027518000000003565,0.004347038896460276,0.0012427836842105438,d,0
150,0.0007035700898421439,0.00019562871832597798,0.00012052789473685079,0.007666954868718186,0.0018220289473684342,d,0
151,0.004021186577646356,0.00013115845228498687,0.0002454421052631746,0.007880273618196197,0.0022818931578947495,d,0
152,0.0016602748318722373,7.54124239871318e-05,0.000227691052631581,0.004892123372931223,0.0012753410526315774,d,0
153,0.00039559289028770044,5.461981422024522e-05,0.003549313684210555,0.006355219765713311,0.002250736315789478,d,0
154,0.0010265362890143144,6.49816111514735e-05,0.045809831052631624,0.0057671132840608,0.010026228421052654,c,1
155,0.0007506389366952996,0.000149808431926509,0.023100403684210572,0.012015988952235166,0.008588877368421066,c,1
156,0.000505707765880384,0.00013397241893565784,0.08848074789473688,0.007755935192108148,0.019192885789473698,c,1
157,0.0006373116844578794,9.443571693017694e-05,0.13619860631578948,0.008300696548662664,0.03106934368421053,c,1
158,0.0007562982408623947,4.1607179139801466e-05,0.006154127894736875,0.006551852351740781,0.0019159599999999915,d,0
159,0.0008240153915003726,0.00011452875639266458,0.012650004210526346,0.012474022413554985,0.0030992684210526342,c,1
160,0.0008628995794998972,0.00021537354117947375,0.0003007278947368379,0.014129099092985436,0.003336046315789455,d,0
161,0.002022514217778256,6.673524254245009e-05,0.0002717610526315677,0.007089081563447668,0.0013023731578947382,d,0
162,0.002130844091114245,4.5970866554696864e-05,0.00031602999999998175,0.012418819101233219,0.0027502115789473517,d,0
163,0.0018293888945328561,3.873674493085797e-05,0.00022164105263157796,0.014780640602111829,0.0033723868421052386,d,0
164,0.002124042887436716,4.7492353539747044e-05,0.00018580947368421926,0.007253035118705331,0.0013714873684210409,d,0
165,0.0008411344728971782,4.2909070065147e-05,0.0001654568421052447,0.009543920818128071,0.0023221405263157704,d,0
166,0.0015807496873955977,2.935058192201751e-05,0.00019007631578947745,0.006549803834212477,0.0016397463157894886,d,0
167,0.002670143779955412,7.245728844091681e-05,0.00018042578947368394,0.005438064274034956,0.001151123684210524,d,0
168,0.001407548000938014,4.1644824178595295e-05,0.00024050631578944137,0.0035677583594071354,0.0007779736842105381,d,0
169,0.0008737601731952868,4.5315215462150036e-05,0.00012814894736843852,0.007375921073712824,0.0018324100000000065,d,0
170,0.0014988968246861507,4.000099081742136e-05,0.0001669031578947167,0.01247800651349516,0.00220450052631577,d,0
171,0.0015181083428232294,5.036906192176052e-05,0.00012451789473684545,0.0037314766331722803,0.0010013973684210454,d,0
172,0.0009879469871520996,2.8111432728020336e-05,0.0001836926315789309,0.010437673644015663,0.0020115452631578965,d,0
173,0.0006459637692100124,4.091074592188201e-05,0.00016457473684211284,0.010670279201708335,0.0023922210526315644,d,0
174,0.0012138140828985918,6.847946267376035e-05,0.0002995100000000291,0.011671273331893148,0.003318447368421059,d,0
175,0.001392565275493421,6.58694066499292e-05,0.00011541210526317724,0.0050636090730366125,0.001345246315789484,d,0
176,0.002371392751994886,3.463657278764205e-05,0.00017287578947368742,0.011645749995583,0.00321295684210529,d,0
177,0.000776303441900956,2.5052773325060973e-05,0.00022865894736840157,0.01235784041254144,0.002989472631578934,d,0
178,0.002653335270128752,3.4078158220774456e-05,0.0002572789473684363,0.008494662611108053,0.0015398926315789488,d,0
179,0.0009499035383525648,3.056463442351273e-05,0.00020043263157898394,0.010787888577109935,0.002853465263157872,d,0
180,0.0012120635885941354,4.108955985623739e-05,0.00029375526315793775,0.009066173904820504,0.002408303684210534,d,0
181,0.0007433326620804636,7.522419879309257e-05,0.00014318842105264182,0.00958910741304097,0.002246292105263153,d,0
182,0.002282365372306422,2.8622777838456004e-05,0.00032631894736845357,0.005716763044658478,0.0010735352631579163,d,0
183,0.0023942464276363977,4.138130890696841e-05,0.00020235421052632553,0.008349035915575505,0.001500240526315781,d,0
184,0.0022258946770115904,4.3570995330804706e-05,0.00041472157894739095,0.013592811007248717,0.0028507042105263033,d,0
185,0.0025638718354074577,2.5560981348917827e-05,0.00045171947368424634,0.009300382513748966,0.0017370178947368272,d,0
186,0.002556025981903076,3.9357888071178095e-05,0.00045682263157898503,0.015036962534251972,0.0044787373684210706,d,0
187,0.0015609546711570338,3.889673634576386e-05,0.00028029526315792293,0.007566834750928359,0.0017606342105263076,d,0
188,0.0033104545191714636,3.6976839366723756e-05,0.00021468578947370673,0.009091857232545552,0.0020505863157894654,d,0
189,0.0031463848917107832,2.7185992190712377e-05,0.0001943036842105371,0.006297560114609573,0.0021051489473684335,d,0
190,0.0024660762987638776,4.039312663832962e-05,0.00012836842105264163,0.025132709427883763,0.006737852631578965,d,0
191,0.0005956386265001799,8.889562205266781e-05,0.00021522631578945419,0.005901521758029341,0.0015247673684210567,d,0
192,0.0015724113113001774,7.363997007670571e-05,0.00011548578947367645,0.006747117168024961,0.0015913531578947383,d,0
193,0.0003032590213574861,0.00012646537078053743,0.00019531105263160878,0.014376737569507789,0.003681385263157901,d,0
194,0.0010742294160943282,4.453408090691817e-05,0.00030171000000001644,0.007267735506358876,0.00174045947368421,d,0
195,0.0006229846101058157,0.00017373812826054476,0.00025527789473684716,0.009852497201216849,0.0026772963157894896,d,0
196,0.0011215523669594212,0.0003232924561751692,0.0001798100000000317,0.0061941523300973874,0.00160559421052633,d,0
197,0.0008017985444319876,3.8683414459240205e-05,0.00030729000000003604,0.007056515467794323,0.0017517105263157948,d,0
198,0.0003221223228856137,0.0002763898749100476,0.00038481210526317584,0.007211079722956625,0.00164055526315789,d,0
199,0.00044361854854382967,0.00015178165937723112,0.00044330578947371943,0.008475532657221738,0.0022342757894736782,d,0
200,0.0010638676191631116,0.0001051865125957405,0.0005297210526316043,0.01156841767461677,0.0036817931578947472,d,0
201,0.0010592278681303326,5.0780020262054e-05,0.0003286231578947719,0.019876527158837563,0.005039012105263176,d,0
202,0.0009261965751647949,0.00017287542945459684,0.0003075615789474135,0.018699247586099726,0.004909682631578959,d,0
203,0.0008987156968367728,3.789600573087409e-05,0.0003155600000000451,0.012772211903019956,0.0028822394736842086,d,0
204,0.0009540037104957982,0.00011840305830302407,0.0002775984210526418,0.01272301297438772,0.0031318284210526404,d,0
205,0.001923802651857075,9.712106303163665e-05,0.0001821321052631769,0.015143839936507386,0.00403856263157895,d,0
206,0.001887672825863487,4.468466106213437e-05,0.0001756152631579139,0.008961225810803853,0.00245922210526317,d,0
207,0.0011522550331918818,4.135307512788181e-05,0.00041979684210528763,0.01305374659990009,0.0038157431578947558,d,0
208,0.0026767693067851817,7.72319341960414e-05,0.000179411578947379,0.006647222920467956,0.0013334005263157796,d,0
209,0.0010832579512345163,6.177864576639713e-05,0.0003147278947368723,0.011324650362918251,0.002207295263157894,d,0
210,0.0006852432301169948,4.0204901444307915e-05,0.00011107157894734388,0.009215452169117157,0.00258916000000002,d,0
211,0.0005659398279691997,0.0001757050815381151,0.00014443052631575947,0.006435958962691457,0.0015141110526315797,d,0
212,0.0031402801212511563,0.00010212471610620817,0.00010202631578947128,0.0066054337903073196,0.0020727563157894795,d,0
213,0.001850206600992303,4.54501101845306e-05,0.00013401473684208836,0.006278348596472489,0.0019206284210526432,d,0
214,0.000615734803049188,3.3425657372737326e-05,0.00012853105263156475,0.005884757167414603,0.001481383157894741,d,0
215,0.0007157137519434878,3.6170608118949044e-05,0.00010397894736840174,0.010714568589862989,0.002719856842105283,d,0
216,0.0015077841909308183,2.4124195701203416e-05,0.00012500263157893805,0.004547068947239943,0.001048988421052616,d,0
217,0.0030477360675209447,2.39798897190981e-05,0.0001659268421052281,0.006576760819083813,0.0016347500000000123,d,0
218,0.001738228295978747,4.0735069074134645e-05,0.00022936105263154634,0.006152843174181492,0.0017316989473684125,d,0
219,0.0010856578224583675,4.32917946262896e-05,0.00010981315789471147,0.014667482752549027,0.003715508421052604,d,0
220,0.0008860732379712557,2.9435283259329904e-05,0.00010771789473684734,0.007201806495064189,0.0018745942105263054,d,0
221,0.0008583633523238333,3.084383512797524e-05,0.00019610947368419116,0.007220490982657979,0.0018137694736842208,d,0
222,0.004147272360952277,4.9682039963554116e-05,0.00019834684210524354,0.011759337626005473,0.002187167368421044,d,0
223,0.0005725747660586709,1.9271122781836397e-05,0.00013587526315787728,0.004311134940699533,0.0011609757894736762,d,0
224,0.0013652914448788291,4.2372628262168486e-05,0.00011432684210525772,0.006097184984307528,0.0015957984210526188,d,0
225,0.0019592485929790294,6.407499313353908e-05,0.00013461789473682325,0.007515747296182721,0.0012107799999999903,d,0
226,0.0009842013057909515,7.777465017217755e-05,0.0002144694736841979,0.0052298025081032205,0.0012383005263157825,d,0
227,0.0008679095067475972,4.5948906948668545e-05,0.00016690789473680488,0.009081526806480006,0.0022579921052631414,d,0
228,0.0009901900040475947,3.655960685329602e-05,0.0002019368421052384,0.01044898597817672,0.0025121636842105302,d,0
229,0.0009642902173494038,4.009824050099058e-05,0.00011958368421052363,0.014851607774433343,0.0038996431578947406,d,0
230,0.0020308243600945723,7.205887844688014e-05,0.00022318684210524613,0.006650005516253008,0.0017796652631578936,d,0
231,0.0007293381189045153,3.047052182652233e-05,0.00016661052631577146,0.012319000143753889,0.003147256315789481,d,0
232,0.0016866608669883327,3.804658588606692e-05,0.00013360473684209087,0.00931448999204132,0.0018138842105263181,d,0
233,0.001472498241223787,4.6984145515884345e-05,0.00016585000000001707,0.014569480168192027,0.003442700526315801,d,0
234,0.002058095053622597,6.064929460224937e-05,0.00012618789473684586,0.008675107830449148,0.002604667894736854,d,0
235,0.0007619512708563553,2.4074002316117716e-05,0.00019627368421054907,0.007140909370623119,0.0018121857894736835,d,0
236,0.0012192851618716592,2.888001893692526e-05,0.00013798578947367778,0.007063206873442015,0.001840988421052631,d,0
237,0.0015904621074074193,6.320602015442185e-05,0.000181184736842097,0.016606073630483532,0.004266317894736848,d,0
238,0.0010832548141479492,2.3333649886276025e-05,0.00015811684210523987,0.005145226654253496,0.0014875063157894803,d,0
239,0.0013727169287832159,4.3900389420364604e-05,0.0002431942105262915,0.007561294656050838,0.0021615752631578963,d,0
240,0.0007065785558600174,2.0478901110238273e-05,0.0001262694736841976,0.005917260521336582,0.0014959542105263373,d,0
241,0.0007060515253167404,4.127464796369198e-05,0.00017442473684205572,0.005274198557201184,0.0012623505263158006,d,0
242,0.0005068998587758918,3.913829201145592e-05,0.0001575968421052448,0.005776944913362202,0.0014428805263157923,d,0
243,0.0007321583597283615,2.8327891701163705e-05,0.0001985363157894829,0.01283117658213567,0.003349226842105263,d,0
244,0.00059693738033897,3.031680458470395e-05,0.00019007473684213032,0.007284296186346763,0.002174608421052636,d,0
245,0.0005595433084588302,2.883609972500303e-05,0.00022193789473686016,0.006119872394361,0.0017228163157894864,d,0
246,0.00044197471518265575,2.9551342304429422e-05,0.0001417636842105473,0.004258990287780785,0.0012293284210526346,d,0
247,0.0011247427839981882,2.8196134065350265e-05,0.00026374789473685025,0.006872296333313006,0.0017131178947368557,d,0
248,0.000359977546491121,4.4712894841220973e-05,0.00043852368421055433,0.024453241574136822,0.006325060526315803,d,0
249,0.00046084429088391756,2.923764680562435e-05,0.0002814868421052777,0.008571100862402677,0.0022685305263158034,d,0
250,0.0012848189002589176,2.984624159964676e-05,0.00022261315789475882,0.00623617360466405,0.0017692652631578984,d,0
251,0.000744091837029708,6.65030981365003e-05,0.0004906789473684631,0.005144878437644562,0.0012634999999999847,d,0
252,0.0008811135041086297,5.011182082326204e-05,0.0004939021052631981,0.004851614174089928,0.00113376842105264,d,0
253,0.000814450414557206,4.397567949796978e-05,0.0005573978947368728,0.005328328985916941,0.0013190057894736957,d,0
254,0.0006900617950841001,2.929725145038221e-05,0.00033705000000003755,0.007885211392452808,0.0020312178947368377,d,0
255,0.0006643972898784437,3.224924991003008e-05,0.0001961831578947488,0.00503130021848179,0.001251766315789499,d,0
256,0.0008123705261632016,4.9556556500880776e-05,0.00016043894736838507,0.005683535023739457,0.001477636315789478,d,0
257,0.0009511520988062808,2.2928965719099264e-05,0.0002608342105262799,0.0038281302703054095,0.0011182942105263324,d,0
258,0.0011981600209286338,2.5062184584779883e-05,0.00018237105263156566,0.003303320784317843,0.0008938926315789543,d,0
259,0.0015082171088770817,3.885595422038538e-05,0.00016748052631577223,0.012727229218733926,0.0035057042105263343,d,0
260,0.0007376106161820261,5.2624627163523984e-05,0.00023487526315787259,0.004396833871540271,0.0011474678947368474,d,0
261,0.0015730795107389752,2.206626691316888e-05,0.00013108894736842784,0.004317544008556171,0.001080542631578956,d,0
262,0.0008533847959418045,3.9944523259224784e-05,0.00017711894736842298,0.004613901439465974,0.0011180657894736866,d,0
263,0.0007286981400869258,3.08595205608284e-05,0.00010011789473685668,0.004299998283386242,0.001130579999999998,d,0
264,0.0011650606205588893,1.6155982662790474e-05,0.0002981878947368835,0.0029661059379577346,0.0006930631578947349,d,0
265,0.0009844554098028886,3.134576897871537e-05,0.0002786484210526706,0.0062887574497021955,0.0016215605263157848,d,0
266,0.0008459373524314479,2.904942161157343e-05,0.00025717421052635404,0.010663481135117404,0.002319974210526286,d,0
267,0.0009044095089561061,1.7671208632637287e-05,0.00030487578947369087,0.005360857436531468,0.0014365063157894804,d,0
268,0.0019147803908900211,2.1605115187795538e-05,0.0003171910526315982,0.00355766007774754,0.0010204973684210484,d,0
269,0.0012766373784918535,3.8423036274180445e-05,0.00019372263157894847,0.005669101288444118,0.0013567363157894635,d,0
270,0.0013303850826464202,5.536016665006939e-05,0.0002533400000000083,0.005988883344750638,0.0014491305263157777,d,0
271,0.0009601430086445072,2.8817277205588588e-05,0.00023400999999997167,0.006312125607540733,0.0014992878947368443,d,0
272,0.0014378867651286878,2.608801189223587e-05,0.0002144642105262767,0.004090695004714157,0.0008936031578947442,d,0
273,0.0013706025324369733,8.172424216020648e-05,0.00014445052631579568,0.005225407449822694,0.0013793310526315787,d,0
274,0.0016357710486964176,1.7131629743068272e-05,0.00015099578947368113,0.00893699495415938,0.002514456842105267,d,0
275,0.0014201496842571064,1.707829927142129e-05,0.00012918052631580155,0.01517740362568906,0.0038467557894736938,d,0
276,0.001753841575823332,2.9124711689201977e-05,0.00018858263157897187,0.005009099056846211,0.0014467410526315687,d,0
277,0.0011935359553286904,2.5109240883280926e-05,0.0002257605263157851,0.010528445243835472,0.0025714836842105336,d,0
278,0.0026212491487201894,2.164903439975283e-05,0.00013185368421053082,0.0074778324679324265,0.0013408210526315754,d,0
279,0.0013501424538461787,2.0284401743064784e-05,0.00031836052631582426,0.0098686469228644,0.002544218947368431,d,0
280,0.0010889078441419099,2.1150237635533077e-05,0.0003901584210526636,0.00443388600098457,0.001106049999999993,d,0
281,0.0011717426149468672,1.0822948656619147e-05,0.0002693294736842579,0.00492494984676964,0.0011341847368420961,d,0
282,0.0010930770321896201,1.6937130375918158e-05,0.00017526684210527872,0.006342505153856791,0.0016629452631579111,d,0
283,0.0015025076113249127,1.1604083211833477e-05,8.012052631576221e-05,0.007002121523806929,0.0019517189473684,d,0
284,0.001196346784892835,8.674044358097055e-06,0.00012271105263156042,0.0057839155197143615,0.0015530484210526034,d,0
285,0.0007613144422832288,1.987971757589971e-05,0.0001265247368420778,0.005465749062989876,0.001334689473684203,d,0
