mutated_position,ori_value_ConPLex,ori_value_DeepConv-DTI,ori_value_TransformerCPI,ori_value_DrugBAN,ori_value_meta_full_esm2_xmol_prob_attention,Region,ori_label_5A,ori_log10_value_ConPLex,ori_log10_mutated_value_ConPLex,ori_log10_value_DeepConv-DTI,ori_log10_mutated_value_DeepConv-DTI,ori_log10_value_TransformerCPI,ori_log10_mutated_value_TransformerCPI,ori_log10_value_DrugBAN,ori_log10_mutated_value_DrugBAN,ori_log10_value_meta_full_esm2_xmol_prob_attention,ori_log10_mutated_value_meta_full_esm2_xmol_prob_attention,mutated_label_ConPLex_top10%,mutated_label_DeepConv-DTI_top10%,mutated_label_TransformerCPI_top10%,mutated_label_DrugBAN_top10%,mutated_label_meta_full_esm2_xmol_prob_attention_top10%
1,0.0047130333749871,1.206523493712501e-05,8.077578947369479e-05,0.0005022067772714,0.0007462036842105,d,0,-2.326699475591404,0.8651839445262786,-4.918460617449672,0.09120246840186756,-4.0927182509966,0.0010950292220067858,-3.2991173443101354,0.0,-3.12714255285942,0.18399415927324772,1,0,0,0,0
2,0.0009800352548298,4.3696478793489735e-05,0.0001459505263158,0.0013403735662761,0.0003011394736842,d,0,-3.0087582568273707,0.36991502504170964,-4.359552564614769,0.446884699413413,-3.8357940369903742,0.08062758277051109,-2.872774113143034,0.1688346964160106,-3.521232168753754,0.0,0,0,0,0,0
3,0.0013407782504433,2.3117190913132656e-05,8.174263157896617e-05,0.0020504405623988,0.0007017231578947,d,0,-2.872643011212993,0.4687535012484797,-4.63606306170538,0.27091680987514616,-4.087550853658309,0.0026946305172902765,-2.6881527942212395,0.2419459411911568,-3.1538341289893017,0.1715322878825226,0,0,0,0,0
4,0.0038328515855889,1.4474517420736074e-05,0.0001581021052631,0.0028485781268069,0.0013278163157894,d,0,-2.4164779856964813,0.7999923409344277,-4.83939290630581,0.14152019017735368,-3.801062072339037,0.09137908725272507,-2.5453718495778173,0.2984881252358594,-2.876861966474847,0.3008461752030261,1,0,0,0,0
5,0.0013749034781205,2.3396391617641914e-05,0.0001582147368421,0.0016662321592632,0.0005198952631578,d,0,-2.8617277578035583,0.47667948345223443,-4.630849261621165,0.2742348083126273,-3.800752792288936,0.09147482689424266,-2.7782644615811534,0.20626113399812643,-3.284084055934301,0.11072067337382455,0,0,0,0,0
6,0.0010274146732531,5.374770415455503e-05,0.0001863994736841,0.0037558172878465,0.00089111,d,0,-2.988254193822726,0.3848038079570941,-4.269639273980543,0.504104414978717,-3.729555085259155,0.1135145379770586,-2.425295531788933,0.3460391291655848,-3.0500686339334693,0.2199787433442909,0,0,0,0,0
7,0.0006687923481589,3.2923723522020565e-05,0.0002473294736841,0.0035894764097113,0.0008677068421052,d,0,-3.1747086394886495,0.249412116832296,-4.482489734878652,0.3686489918190895,-3.6067239510875058,0.151537710661333,-2.4449688844359496,0.3382483533801888,-3.061626927953379,0.21458236012317983,0,0,0,0,0
8,0.0007796852212203,3.1141858351887254e-05,0.0003653715789473,0.0067463423076428,0.0020586531578947,d,0,-3.1080806419663625,0.2977932494386179,-4.506654080442402,0.3532710986263654,-3.4372651191443717,0.20399478901774556,-2.1709316201619346,0.4467688949019175,-2.686416796103757,0.3897619892636395,0,0,1,0,0
9,0.0015829707446851,0.0001027238996405,0.0002876678947368,0.0060898442017404,0.0020736994736842,d,0,-2.8005270839430665,0.5211196291530005,-3.9883280793454894,0.6831274095639731,-3.541108454002602,0.17184941252136232,-2.21539381077589,0.42916157782607595,-2.683254161612291,0.39123857289050146,0,1,0,0,0
10,0.0014388937699167,4.47819107457328e-05,0.0002117342105263,0.0049293950984352,0.0013876621052631,d,0,-2.8419712376195574,0.4910254469871867,-4.348896410172553,0.4536661454254831,-3.674208760946716,0.13064735093171945,-2.3072063622836128,0.3928032094322544,-2.857716240109175,0.3097850096311629,0,0,0,0,0
11,0.0006556950117412,1.996755599977339e-05,0.0002906378947368,0.0086839544145684,0.0020126457894736,d,0,-3.1832980540210496,0.243175015028903,-4.699672913903073,0.23043627997540408,-3.5366476115592795,0.1732302951752892,-2.0612824599900366,0.4901906765007841,-2.6962326293715404,0.38517913319022185,0,0,0,0,0
12,0.0031839169953998,7.876283244083386e-05,0.0001415121052631,0.0057523721142818,0.0015508368421052,d,0,-2.4970382491878693,0.7414944581266285,-4.103678122915273,0.6097200563578834,-3.8492061011303678,0.07647579149799148,-2.240153020160178,0.41935676964733826,-2.809433862319619,0.3323272821265758,1,0,0,0,0
13,0.0019498938008358,2.4052042710141992e-05,0.0001069036842105,0.0051986637868379,0.0013383605263157,d,0,-2.709989019168327,0.5868627743874225,-4.61884622799121,0.2818733917231799,-3.9710069212397694,0.03877155920103878,-2.284108260429532,0.4019502082098458,-2.8734268485140966,0.30244997701789605,0,0,0,0,0
14,0.0010477367200349,2.782909493696733e-05,0.0001853063157894,0.0082066717900728,0.0021611436842105,d,0,-2.979747793650517,0.3909806298643773,-4.5554993570683955,0.32218656356449304,-3.7321095440178658,0.11272378873296554,-2.085832929703276,0.4804685305913521,-2.6653163378775693,0.3996134568360524,0,0,0,0,0
15,0.0011669303241528,4.563833537852309e-05,0.0001713178947368,0.0153162008837649,0.0037708199999999,d,0,-2.932955037105693,0.42495863676235146,-4.340669252906788,0.45890180742091763,-3.76619701762732,0.10217179062463833,-1.8148489433450246,0.5877799541717206,-2.4235641866187843,0.5124836823618265,0,0,0,0,0
16,0.000814371987393,4.117739828009939e-05,0.0001585342105263,0.0109220178503739,0.0027449042105263,d,0,-3.089177120197566,0.31151981826003133,-4.385340042277284,0.4304738648572805,-3.799876731807879,0.09174601708700394,-1.9616971140354207,0.5296271221216156,-2.561472790789393,0.4480963535474541,0,0,0,0,0
17,0.0019477699932299,2.3663043975824237e-05,0.0001490710526315,0.0086677639107955,0.0022160652631578,d,0,-2.7104623067665172,0.5865191021940431,-4.625927553848376,0.2773669227850048,-3.8266063905180014,0.08347167820882975,-2.062092921325971,0.48986972853302857,-2.6544174341782147,0.40470198122818085,0,0,0,0,0
18,0.002431035041809,2.163334896686461e-05,0.0001363936842105,0.0043200442665501,0.0009683005263157,d,0,-2.6142087631708875,0.6564124747957161,-4.664874236553946,0.2525817315089936,-3.8652054210621682,0.07152309844748461,-2.3645117929885724,0.3701098856293288,-3.0139897872365204,0.23682338171541054,0,0,0,0,0
19,0.0034380837490684,4.2664377312899495e-05,0.0001980863157894,0.013617970441517,0.0042797284210526,a,1,-2.463683535809623,0.7657145888675982,-4.369933570587161,0.4402783545134313,-3.7031453061373094,0.12168985605806065,-1.8658876096253252,0.567568309897872,-2.368583779012109,0.5381531582020705,1,0,0,0,0
20,0.0026458501815795,2.7829094936961484e-05,0.0002076342105263,0.0075184169568513,0.0016961489473684,d,0,-2.577434734496022,0.6831155009101093,-4.555499357068487,0.3221865635644348,-3.6827008799130385,0.12801856053513602,-2.1238735870465977,0.46540418251563953,-2.770535987217575,0.3504880799204344,1,0,0,0,0
21,0.000809023254796,4.185187189201391e-05,0.0002055384210526,0.0129900135492023,0.0029005605263157,a,1,-3.092038941042084,0.30944174089131193,-4.378284075026858,0.4349641958890955,-3.687106772752372,0.12665468788681974,-1.886390392593629,0.5594490743029712,-2.5375180526583048,0.4592804389059024,0,0,0,0,0
22,0.0011265968021593,3.896888933680775e-05,0.0001764278947368,0.012072996089333,0.0036412168421052,a,1,-2.9482314472929025,0.4138658521297542,-4.409280857515988,0.41523822362229423,-3.753432501998527,0.10612312906385261,-1.9181849364464836,0.5468582278518913,-2.4387534452208413,0.5053920596604083,0,0,0,0,0
23,0.0013006705986826,4.6130857969567686e-05,0.0001337878947368,0.0094275662773533,0.0024009331578947,a,1,-2.885832643367296,0.4591760058108823,-4.3360075266061875,0.4618684728725113,-3.8735828555777747,0.06892980936498726,-2.0256004011427846,0.5043210042099457,-2.619619912467303,0.42094838938958856,0,0,0,0,0
24,0.0013782727090935,0.0001789111840097,0.0001541499999999,0.0213172906323483,0.0055443384210526,a,1,-2.8606648116319495,0.4774513292467112,-3.7473622674337324,0.8364750973340032,-3.8120561892028593,0.08797578721122228,-1.6712679917072735,0.6446389461968113,-2.2561502608391026,0.5906465754757765,0,1,0,1,1
25,0.0008145068821154,4.112720489503122e-05,0.000178214736842,0.0425674978055452,0.0105655621052631,a,1,-3.0891051884810783,0.3115720506254544,-4.385869749220856,0.43013676585411503,-3.749056142665134,0.10747785942423094,-1.3709218766668974,0.7635779639777579,-1.976107388706579,0.7213941281651751,0,0,0,1,1
26,0.0013991061009858,2.914039712203761e-05,0.0002650294736841,0.0485020907301651,0.0124196789473684,d,0,-2.8541493185663804,0.4821824774985467,-4.535503043660188,0.33491197220543517,-3.576705662020938,0.16083006635406433,-1.3142395394094644,0.7860245387171086,-1.9058896271673202,0.7541776816499476,0,0,0,1,1
27,0.0008248561307003,7.047151264390279e-05,0.0001500436842104,0.0167354251209058,0.0042288615789473,a,1,-3.0836217407283564,0.31555379137603806,-4.151985790169614,0.5789776493075007,-3.823781991169074,0.08434598930998391,-1.7763632484244078,0.6030205400266765,-2.373776519878484,0.5357287502717467,0,0,0,0,0
28,0.0009021978629262,2.8729438781709065e-05,0.0001517615789473,0.0199577714267529,0.0048993810526315,d,0,-3.0446981578312027,0.34381769087309916,-4.541671346029164,0.3309865402188626,-3.818837877470511,0.0858764717092462,-1.6998879534126272,0.6333052549529425,-2.30985877282259,0.5655709274260482,0,0,0,1,0
29,0.0004995151569968,8.920933070934532e-05,0.0001415494736842,0.0292240820432964,0.0074018563157894,a,1,-3.3014512423162206,0.15737947436514127,-4.049589232075287,0.6441415632038208,-3.8490914342951927,0.07651128735907281,-1.534259120075834,0.6988953517338982,-2.130659343779568,0.6492362841348062,0,1,0,1,1
30,0.0014767803643879,3.5395747736898185e-05,0.000173437368421,0.0348455435351321,0.00931291,d,0,-2.8306840613511075,0.49922149657748305,-4.45104768177988,0.3886583288415754,-3.760857074272324,0.10382480465630495,-1.4578527555408025,0.7291527697424112,-2.030914589385073,0.6958055198785171,0,0,0,1,1
31,0.0007185308556807,6.048616610071792e-05,0.0002101505263157,0.0282725629053617,0.0071661821052631,d,0,-3.143554516894107,0.27203431459497057,-4.2183432242528625,0.5367485919890096,-3.677469311320942,0.12963802645742362,-1.5486348194329773,0.693202481156155,-2.144712153784428,0.6426752511667003,0,0,0,1,1
32,0.0009177233043469,2.865728579071192e-05,0.0001847599999999,0.0128534059775503,0.0030886263157894,d,0,-3.0372881925093442,0.34919834957780005,-4.542763429725524,0.33029155154657075,-3.7333918113670745,0.11232685457473951,-1.8909817715799517,0.5576308583196551,-2.510234618526968,0.47201863936239036,0,0,0,0,0
33,0.0008902643856249,8.069527776617169e-05,0.0001264526315789,0.0073900379632648,0.0018641310526315,d,0,-3.0504809511265765,0.3396185838961134,-4.093151340967358,0.6164191713010571,-3.898071784770901,0.06134910281332431,-2.131353324714336,0.4624421576819227,-2.7295235357264556,0.36963613972078874,0,0,0,0,0
34,0.0025955313130428,3.019132112204813e-05,0.0001956905263158,0.0124898082331606,0.0030413405263157,d,0,-2.5857737105999687,0.67706025201041,-4.520116444083964,0.34470381549198936,-3.708429976778492,0.12005395205274225,-1.9034442261966735,0.5526956451205324,-2.5169349366974054,0.4688903676218747,1,0,0,0,0
35,0.0008984521815651,4.807271455464779e-05,0.0001801547368421,0.0076257900187843,0.0020197326315789,d,0,-3.046504984112373,0.34250568533253567,-4.318100450166567,0.47326431672666985,-3.744354073338056,0.10893341542151633,-2.11771515179093,0.4678429629882226,-2.6947060963355716,0.3858918471294575,0,0,0,0,0
36,0.00216595750106,3.0373272142923897e-05,0.000161057368421,0.0089441600598787,0.0022446831578947,d,0,-2.6643500490061296,0.6200029729457636,-4.517506988728285,0.34636444088095136,-3.7930191316401585,0.09386883160903357,-2.048460432631984,0.4952682828474558,-2.6488449326354484,0.4073036933643491,0,0,0,0,0
37,0.0005174404696414,6.638388884695537e-05,0.0001783063157894,0.01324105576465,0.003291857368421,d,0,-3.2861395236661237,0.1684978978205848,-4.177936655480066,0.5624628368558217,-3.748833029837522,0.10754692544425568,-1.8780773821238406,0.5627410805936017,-2.4825589772320438,0.48493995509117854,0,0,0,0,0
38,0.0022528704844023,3.972806428607557e-05,0.0002432884210526,0.0078134693597492,0.0021446478947368,d,0,-2.6472637554995373,0.6324099829510765,-4.400901501867527,0.4205707428020886,-3.6138783816615367,0.14932301036560927,-2.1071560810208454,0.47202442378688997,-2.6686439792314585,0.3980598341355855,0,0,0,0,0
39,0.0005199815097608,5.346222927694658e-05,0.0002084068421052,0.0187216652067084,0.0045201847368421,d,0,-3.284012015827967,0.1700427624820871,-4.271952123580088,0.5026325458557229,-3.681087818636589,0.1285178940948103,-1.7276555230473212,0.6223091165208854,-2.344843805901162,0.5492369731962963,0,0,0,0,0
40,0.0018896272307948,7.241023214240407e-05,0.0002129236842105,0.0183489667741876,0.0038762084210526,d,0,-2.723623838227846,0.5769620117423927,-4.140199460428805,0.5864783250204108,-3.6717758238860285,0.13140048234756405,-1.7363883833721387,0.6188508469530823,-2.41159286807467,0.5180729001490496,0,0,0,0,0
41,0.0010086611697548,4.649162292481053e-05,0.0001228742105263,0.0093445150475753,0.0021871042105263,d,0,-2.9962546547489324,0.37899436785118334,-4.332624359111104,0.46402147917906444,-3.9105389060710056,0.057489824713626625,-2.029443227639382,0.5027992198880594,-2.660130503470974,0.40203464025040464,0,0,0,0,0
42,0.001187547257072,3.362329382643704e-05,0.0001796642105263,0.0071765560852854,0.0019126136842105,a,1,-2.925349062541025,0.43048162526114914,-4.473358452535289,0.37446002792674604,-3.7455381848880407,0.10856686602631502,-2.1440839107053113,0.4574007627121928,-2.718372718587517,0.37484227848197554,0,0,0,0,0
43,0.0019772366473549,2.3054449181795983e-05,0.0001169042105263,0.0070476218273765,0.0020344131578947,d,0,-2.7039413266832644,0.5912542347788924,-4.6372433657357295,0.270165678864138,-3.9321694751232528,0.05079394204609892,-2.1519574018800913,0.4542828089250783,-2.6915608226063603,0.3873603252931796,0,0,0,0,0
44,0.0004665255546569,2.5840182053409555e-05,0.0002242299999999,0.0090291217753761,0.0021063757894736,a,1,-3.3311244690244997,0.1358326116404963,-4.587702750213686,0.30169271907261147,-3.649306089393003,0.13835613410930858,-2.0443544848163655,0.4968942649254455,-2.6764641250036307,0.3944087327395749,0,0,0,0,0
45,0.0036372981573406,2.753107171311959e-05,0.0002029626315789,0.017902324074193,0.0032187421052631,d,0,-2.439221085470916,0.7834777079425286,-4.56017530485391,0.3192108477342961,-3.6925837007840587,0.1249592693617644,-1.747090582958492,0.614612706210941,-2.4923138053321154,0.4803855813580503,1,0,0,0,0
46,0.0021955527757343,3.1443018662267055e-05,0.0002803178947368,0.008389181212375,0.0021035063157894,d,0,-2.6584560992732746,0.6242827948555376,-4.502474385322108,0.35593100534589434,-3.5523490222395298,0.16836982186200392,-2.0762804192507094,0.484251386948318,-2.6770561590272157,0.3941323214918858,0,0,0,0,0
47,0.0009168543313678,8.87607273302405e-05,0.0001953426315789,0.0194388753489443,0.0047522326315789,d,0,-3.0376996116278168,0.3488996024494485,-4.051778658408443,0.6427482391340343,-3.709202743609415,0.11981473707801284,-1.7113288628894028,0.6287745802828025,-2.3231022987580316,0.559387736288735,0,1,0,0,0
48,0.0005008013624893,3.108225370708265e-05,0.0001171863157894,0.0175390714093258,0.004018477368421,d,0,-3.3003344115266495,0.15819044783783173,-4.507486101734251,0.35274161047919533,-3.9311227286731176,0.05111796918546019,-1.7559934012236564,0.6110871321917845,-2.3959384624158315,0.5253816925961277,0,0,0,0,0
49,0.0041523042478059,3.061796489515971e-05,0.000333417368421,0.0131823106815939,0.002179244736842,d,0,-2.381710821891644,0.8252381058521696,-4.514022260793567,0.3485820790058665,-3.477011650338518,0.19169099300228276,-1.8800084537988437,0.561976363632776,-2.6616939742897263,0.40130468064923175,1,0,1,0,0
50,0.0016058495104402,2.657739739667244e-05,0.0002743436842105,0.0097638086268776,0.002214254736842,d,0,-2.7942951293027893,0.5256448893298049,-4.5754859157177785,0.30946736273244574,-3.561704875138619,0.1654736570354737,-2.0103807370052844,0.5103480903376515,-2.6547723979716062,0.40453625429170903,0,0,0,0,0
51,0.0006319849114668,3.384288988618259e-05,0.0001429152631579,0.0079036135422556,0.0018917110526315,d,0,-3.1992932215822525,0.23156031322760634,-4.4705312758425055,0.37625920850475475,-3.8449210827830944,0.07780224666485475,-2.1021742978153597,0.47399724238378915,-2.7231451757539484,0.372614094311194,0,0,0,0,0
52,0.0035803819957532,3.250335392197311e-05,0.0003053336842105,0.010453556713305,0.0030927878947368,d,0,-2.4460706232940446,0.7785039970396614,-4.488070487034893,0.36509746958285416,-3.5152251397418093,0.17986175999675202,-1.9807359161012936,0.5220876324993297,-2.5096498491114616,0.47229165888037644,1,0,0,0,0
53,0.0009129957148903,4.022372396369314e-05,0.0001143084210526,0.0076443239262229,0.0018214868421052,d,0,-3.0395312132370207,0.34756960659737135,-4.3955166446445935,0.42399759990500013,-3.9419213942049836,0.047775172368945636,-2.116660912430985,0.46826044864127,-2.7395739377857677,0.36494376721798955,0,0,0,0,0
54,0.0031613864396747,2.060752165946121e-05,0.0003303736842105,0.0089392066001891,0.0025658178947368,d,0,-2.5001224001475877,0.7392549383735377,-4.68597212756934,0.23915529238733338,-3.480994422079356,0.19045810022892198,-2.04870102046775,0.4951730084974872,-2.5907741533721937,0.434416014465826,1,0,0,0,0
55,0.0040180181202135,6.051753696644177e-05,0.00019266,0.0121835062378331,0.0021835489473684,d,0,-2.395988098219865,0.8148708304577423,-4.218118038224374,0.5368918976161141,-3.7152082186297517,0.11795570341126949,-1.9142277064463464,0.5484253167063162,-2.6608370484130273,0.40170476568036084,1,0,0,0,0
56,0.0045400230508101,2.127258401166852e-05,0.0001360984210526,0.0114756195168746,0.002151227368421,d,0,-2.3429419325518293,0.853389676451631,-4.672177710947399,0.24793388996650229,-3.866146594136744,0.07123175222991757,-1.9402238557754867,0.5381306722529359,-2.6673136653647544,0.3986809364727234,1,0,0,0,0
57,0.0013018971995303,2.132591448330381e-05,0.000177607368421,0.0124239984311555,0.0030020457894736,d,0,-2.8854232738373065,0.4594732646547908,-4.671090300182887,0.24862590484226924,-3.7505387760245736,0.10701890067054343,-1.9057386086245638,0.5517870547352349,-2.5225826733876056,0.4662535293947323,0,0,0,0,0
58,0.0022082705246774,1.933386451320813e-05,0.0001677984210526,0.0076712714998345,0.0017931410526315,d,0,-2.6559477046738,0.6261042359352514,-4.713679082874197,0.2215229257979044,-3.7752118712875653,0.09938118431982343,-2.1151326408726554,0.468865654132361,-2.7463855222637386,0.3617635470122408,0,0,0,0,0
59,0.0014826529904415,2.2367427223595427e-05,0.0002317305263158,0.0058198916284661,0.0020094442105263,d,0,-2.8289604528363106,0.5004730745209426,-4.650382025403011,0.26180439696945673,-3.635016564565778,0.1427795490174745,-2.2350850947602674,0.42136370111429405,-2.696924025284966,0.3848563314601457,0,0,0,0,0
60,0.0008211857394168,3.8504600524908185e-05,0.0001203652631578,0.0089528937088815,0.0021507431578947,d,0,-3.08555854823979,0.31414740150198794,-4.414486250039026,0.41192557565364535,-3.919498469503359,0.05471633385675635,-2.0480365666843814,0.4954361365234451,-2.6674114298424403,0.39863529179660634,0,0,0,0,0
61,0.0007004235920153,4.676454945615048e-05,0.0001476157894736,0.0068419795287282,0.0019323326315789,d,0,-3.1546391722152496,0.2639853231959992,-4.330082316740991,0.4656392037706888,-3.830866892246765,0.08215281231992543,-2.1648182232149877,0.4491898399109021,-2.71391808959402,0.3769220737454786,0,0,0,0,0
62,0.000562005921414,3.078736756974945e-05,0.0001760494736842,0.0088881160083569,0.0024505484210526,d,0,-3.2502590313119635,0.1945520931006707,-4.511626032620523,0.35010700923057525,-3.7543650222656155,0.10583446137885388,-2.0511902806998012,0.49418724523245694,-2.6107366940014716,0.42509582247927324,0,0,0,0,0
63,0.0009132309963828,2.9748991916036644e-05,0.0002630736842105,0.0079494620624341,0.0020447826315789,d,0,-3.039419308792046,0.34765086468695683,-4.526526286468993,0.3406246704011726,-3.579922428006986,0.15983429562055076,-2.0996622534552936,0.4749920283119117,-2.6893528311721546,0.3883912012950688,0,0,0,0,0
64,0.0016176480995981,2.403949436389102e-05,0.0001403284210526,0.0084903271574723,0.0022991121052631,d,0,-2.791115921281002,0.5279534336445837,-4.61907286474792,0.28172916287042554,-3.852854051873087,0.075346544731937,-2.0710755696647354,0.4863125412847744,-2.6384398330206387,0.4121616685013916,0,0,0,0,0
65,0.0023503052560906,3.1439881575711616e-05,0.0001180705263157,0.01392704562137,0.0040531615789473,d,0,-2.6288757097069744,0.6457622449872202,-4.502517717135464,0.35590342951124654,-3.927858133002057,0.052128545907576984,-1.8561409986498787,0.5714280313261207,-2.3922060720850564,0.5271242861415883,0,0,0,0,0
66,0.0006459763175562,2.6546026531024552e-05,0.0001741057894736,0.0096964992974933,0.0025758731578947,d,0,-3.1897833363580976,0.23846580394037817,-4.575998839890483,0.30914094407885534,-3.759186537770523,0.10434193004403115,-2.0133850251919796,0.509158372648084,-2.5890755096162237,0.4352090841565236,0,0,0,0,0
67,0.001733124256134,2.552019922358609e-05,0.0001814052631578,0.0078586622288352,0.0017017921052631,b,1,-2.7611702744210147,0.5496981110413569,-4.593114237850936,0.2982489147005941,-3.7413498773894456,0.1098633837239484,-2.1046513715999846,0.473016305031313,-2.769093469878305,0.3511615682702194,0,0,0,0,0
68,0.0007806577180561,4.352393903229782e-05,8.342947368419165e-05,0.0150531499009383,0.0037703226315789,d,0,-3.10753928660226,0.29818634823539647,-4.3612708088970775,0.4457912298227452,-4.078679975606831,0.005440668240438878,-1.8223726107093603,0.5848005328920267,-2.4236214735223345,0.5124569360197994,0,0,0,0,0
69,0.0031020515843441,2.36567698027192e-05,0.0001868089473684,0.009822412541038,0.0020742121052631,d,0,-2.5083509705332294,0.7332798592807731,-4.626042720288806,0.27729363227458514,-3.7286020942353577,0.11380954251730621,-2.0077818250444186,0.5113772764014798,-2.68314681455239,0.39128869152149387,1,0,0,0,0
70,0.0016005823486729,3.212376644735089e-05,0.00031477,0.0095721138151068,0.0021065631578947,d,0,-2.795721949710148,0.5246088205614055,-4.493172188309557,0.3618508094531192,-3.502006527970314,0.18395366683636144,-2.0189921416081296,0.5069379180268192,-2.6764254949315722,0.39442676850439695,0,0,0,0,0
71,0.0004676298091286,3.207984723544035e-05,0.0001933989473684,0.0054761924241718,0.0013810531578947,d,0,-3.330097719592945,0.13657817360016483,-4.4937663547075735,0.3614726892436022,-3.713545669465355,0.11847035626699914,-2.261521291963236,0.41089479483674224,-2.859789573294067,0.30881700341922097,0,0,0,0,0
72,0.0011600130482723,2.2587023283305923e-05,0.0003161236842105,0.0081283701093573,0.0017407052631578,d,0,-2.9355370881957152,0.4230837108929243,-4.646139077700334,0.2645045568567561,-3.500142827909892,0.18453058725403082,-2.0899965245213297,0.47881971992492955,-2.7592747326066727,0.35574578017673986,0,0,0,0,0
73,0.0014931371337489,4.748607936657189e-05,0.0001676105263157,0.0078234390208595,0.0020433978947368,d,0,-2.8259002745784625,0.5026951867800182,-4.323432771390069,0.46987089288955547,-3.7756984510758067,0.0992305603966809,-2.1066022926078722,0.47224372760538164,-2.689647037144283,0.3882538412167727,0,0,0,0,0
74,0.0011040442868282,2.643622850116346e-05,0.0002177247368421,0.0056226002542596,0.0013623726315789,d,0,-2.9570134659482625,0.4074888931197818,-4.577798860169886,0.30799543324644424,-3.6620920262266305,0.13439816459747564,-2.250062784373925,0.4154324384740669,-2.8657040575317514,0.30605562501451977,0,0,0,0,0
75,0.0008807558762399,3.608590678160159e-05,0.0002116263157895,0.0092860899473491,0.0019268026315789,d,0,-3.0551444012955074,0.3362322746955322,-4.4426611735976165,0.3939953998061712,-3.674430123425191,0.13057882674360025,-2.032167109289572,0.5017205450133018,-2.7151627466689994,0.37634096319889726,0,0,0,0,0
76,0.000965394471821,5.639226813067716e-05,0.0001338826315789,0.0078598260879516,0.0018846531578947,b,1,-3.015295147442761,0.3651683392120712,-4.248779667346554,0.5173792128421002,-3.8732754354124,0.06902497326714856,-2.104587057834402,0.47304177370137435,-2.724768540436903,0.3718561712196245,0,0,0,0,0
77,0.0015222900792172,5.185917804116281e-05,0.0001638521052631,0.0164823939925745,0.0034997605263157,b,1,-2.8175025543849306,0.5087930920057929,-4.285173533554358,0.4942186026804296,-3.7855477091357375,0.09618165880873833,-1.7829797061292776,0.6004003796810014,-2.455961659142685,0.4973578189054,0,0,0,0,0
78,0.0020203402167872,2.598135094892437e-05,0.0001723068421052,0.0095982081011721,0.0021233778947368,b,1,-2.694575469536461,0.598055141206251,-4.5853365991630755,0.3031985085854351,-3.763697224831449,0.10294561766607459,-2.0178098337285113,0.5074061196477977,-2.672972687691802,0.39603882916164723,0,0,0,0,0
79,0.0014698913222865,1.979501623855809e-05,0.0001538657894736,0.012376888802177,0.0033154989473684,d,0,-2.8327147444650183,0.4977469400446581,-4.7034419436912085,0.22803771563732853,-3.8128576482343313,0.08772769038008461,-1.9073885073688621,0.5511336840863138,-2.479451092536381,0.48639097691117494,0,0,0,0,0
80,0.0011253576529653,3.415032436976092e-05,0.0004181826315789,0.0107861694536711,0.0030549884210526,d,0,-2.948709392717158,0.41351879771105055,-4.466603895194737,0.3787585453880658,-3.3786339048871574,0.22214446091831905,-1.9671327570828112,0.5274745720712259,-2.5149904172554303,0.46979823275073573,0,0,1,0,0
81,0.0010289047893724,2.9642330972783585e-05,0.0007907736842105,0.0127061950533013,0.0031516068421052,d,0,-2.987624768998321,0.38526085735115795,-4.528086182785386,0.3396319715142141,-3.1019477368816846,0.30779445524891375,-1.8959844786598934,0.5556497537321893,-2.501467951562902,0.47611165641390873,0,0,1,0,0
82,0.0012922224245573,2.9190590507117464e-05,0.0002772252631578,0.012056363256354,0.0032124747368421,d,0,-2.888662693101077,0.45712099865857003,-4.534755631634667,0.3353876160530658,-3.5571670389390917,0.16687837360502408,-1.9187836716687459,0.546621124804172,-2.4931602654547107,0.4799903826206723,0,0,0,0,0
83,0.0022401339129397,3.534555435178911e-05,0.0003346215789473,0.0246941666854055,0.0067059968421052,d,0,-2.649725999817944,0.6306220533522895,-4.451663973862897,0.38826612811744826,-3.475445926068796,0.19217567308510602,-1.6074056229385696,0.6699288601798609,-2.1735366489428594,0.6292175538835184,0,0,1,1,1
84,0.0015633576794674,3.1828880310076124e-05,0.0006737894736842,0.0295754169162951,0.0079670784210526,d,0,-2.8059416209140964,0.5171879271517569,-4.497177274442168,0.35930202175214565,-3.171475713637553,0.28627161998076234,-1.5290691230618578,0.7009506243551051,-2.098700902541749,0.6641571708825875,0,0,1,1,1
85,0.0018325197069268,4.439604909797048e-05,0.0010270842105263,0.0378734030221637,0.0099178168421052,d,0,-2.736951322557217,0.5672844165778034,-4.3526546987599835,0.45127441665581824,-2.9883939048998394,0.34294577898718587,-1.4216656695088574,0.7434830915060723,-2.0035839119520746,0.7085657774794206,0,0,1,1,1
86,0.0015625671336525,3.601689087714235e-05,0.0006832294736842,0.0330857226723118,0.0089515836842105,d,0,-2.806161286895194,0.5170284192968639,-4.4434925741384355,0.3934663066973445,-3.1654333434169977,0.2881420747955606,-1.4803593735608704,0.7202400024155624,-2.048100119109615,0.6877818700136084,0,0,1,1,1
87,0.0012642960799367,2.13039548773164e-05,0.0001912678947368,0.0277362246262399,0.0069687910526315,d,0,-2.898151174278056,0.45023105024157845,-4.671537727864412,0.24834116735249073,-3.7183576952736352,0.11698076252919536,-1.55695265256847,0.6899085650584944,-2.156842550635619,0.6370117622538531,0,0,0,1,1
88,0.0011002327266492,4.666102559942364e-05,0.0001861452631579,0.113096064642856,0.0280901731578947,d,0,-2.958515401542291,0.40639828034672726,-4.331044788994423,0.4650266982312694,-3.7301477774956475,0.1133310662586806,-0.9465525063936973,0.9316309986235629,-1.5514455820972628,0.9196619559160333,0,0,0,1,1
89,0.0009222783540424,2.880472885936099e-05,0.0002800152631579,0.1683036935956854,0.0417471863157895,d,0,-3.0351379370846505,0.35075973213030387,-4.540534700741428,0.3317098873414529,-3.552818140258986,0.16822460334242106,-0.7739063526275569,1.0,-1.3793727888096565,1.0,0,0,0,1,1
90,0.0010330363323813,2.5360207808621776e-05,0.0002171857894736,0.0340558384594164,0.0083890747368421,b,1,-2.985884361826796,0.38652463344057697,-4.595845479545248,0.2965107859791756,-3.663168394197461,0.13406496792463926,-1.4678084215847607,0.725210261145407,-2.0762859313535147,0.6746223636016442,0,0,0,1,1
91,0.0007519000454952,6.029166673359703e-05,0.0001015836842105,0.0533364007347508,0.0132090515789473,b,1,-3.123839831136925,0.28634990055552934,-4.219741989788484,0.5358584347550095,-3.9931756128194222,0.031909097221817576,-1.272976294051941,0.8023650526359195,-1.8791283606885734,0.7666720903535877,0,0,0,1,1
92,0.0020768830650731,2.6935025265336463e-05,0.0001348031578947,0.1185490614489505,0.0287395252631578,b,1,-2.6825879339854732,0.6067597484086714,-4.569681000369822,0.31316153967500693,-3.8702996117428845,0.06994615874692942,-0.9261018796084037,0.9397295800302863,-1.541520408570047,0.92429586121353,0,0,0,1,1
93,0.001100248412082,5.437512146796266e-05,0.0001623799999999,0.0529911361242595,0.0131419715789473,b,1,-2.958509210081549,0.40640277620273885,-4.264598961170764,0.5073120082421977,-3.7894671954753045,0.09496835644099538,-1.2757967683393072,0.8012481264477095,-1.8813394730525315,0.7656397572393495,0,0,0,1,1
94,0.0007107634293405,5.215406417847264e-05,0.0001538736842105,0.0791378680028413,0.0198643589473684,b,1,-3.148274864789823,0.26860668978283025,-4.282711010199433,0.4957857223459187,-3.8128353655001526,0.08773458814468858,-1.1016156533831443,0.8702249824529591,-1.701925443529932,0.8494053074909641,0,0,0,1,1
95,0.0024841270948711,3.180064653096615e-05,0.0001534257894736,0.0550523651273627,0.0141312568421052,b,1,-2.6048261707271836,0.6632255333610447,-4.497562684717654,0.3590567513790595,-3.8141013502512555,0.08734269437010551,-1.2592240175982108,0.8078110436834108,-1.8498192069594999,0.7803560669972077,0,0,0,1,1
96,0.00237637758255,2.553902174295379e-05,0.000189074736842,0.0189198161426343,0.0040403921052631,b,1,-2.6240845348978152,0.6492412999251156,-4.592794041635919,0.2984526836453088,-3.723366265696628,0.11543032713364915,-1.7230830859679196,0.6241198313856876,-2.3935764754057107,0.5264844666774879,0,0,0,0,0
97,0.0008517346884074,3.011916813100424e-05,0.0002234578947368,0.0612898249375192,0.0151308094736842,b,1,-3.0696956139910445,0.3256660836469405,-4.521155585277711,0.3440425187791344,-3.6508041028162648,0.13789241435730784,-1.2126116184153628,0.8262698573573486,-1.8201378344369867,0.7942138266617511,0,0,0,1,1
98,0.0006160579229656,8.645183161685341e-05,0.0002512778947368,0.0436399171226903,0.0109540752631578,b,1,-3.210378382207215,0.22351095490824066,-4.063225298732815,0.6354637376001804,-3.5998455423776887,0.15366696660226492,-1.360116081863781,0.7678571291004775,-1.9604242754858368,0.7287163237152637,0,1,0,1,1
99,0.0009064831231769,3.718388708014237e-05,0.0001618157894737,0.0371751848020051,0.0092462563157894,b,1,-3.0426402292398675,0.34531203138721145,-4.429644044524659,0.4022793411209376,-3.790978835184004,0.09450041858413272,-1.4297468627059193,0.7402828863653219,-2.034034066941817,0.6943490855364897,0,0,0,1,1
100,0.0024430281237552,2.004912025050697e-05,0.0001517710526315,0.0194892412737796,0.0046668642105263,d,0,-2.6120715156911816,0.6579644117827701,-4.697902513192785,0.23156294127725074,-3.818810767594118,0.08588486374696933,-1.7102050656332037,0.6292196113158134,-2.3309748260799945,0.5557121787821687,0,0,0,1,0
101,0.0015646062399211,2.3274045241500638e-05,0.0002630684210526,0.0165551712638453,0.004380167368421,d,0,-2.8055949142873793,0.5174396840693661,-4.633126259808108,0.27278575458897236,-3.57993111676062,0.15983160596062,-1.7810663194732397,0.60115809325913,-2.3585092846509808,0.5428567790165199,0,0,0,0,0
102,0.0008397823885867,2.489591899671053e-05,0.0001945178947368,0.0201040129780948,0.0050124442105263,b,1,-3.0758331856512324,0.3212093585551647,-4.603870093305307,0.29140402018700867,-3.7110402161716753,0.1192459355521732,-1.6967172418974463,0.6345608773645448,-2.2999504394621315,0.5701969703181438,0,0,0,1,0
103,0.0072270694531892,2.445358979072825e-05,0.0003001968421052,0.0180897712707519,0.0036343468421052,d,0,-2.1410377656194908,1.0,-4.611655601372665,0.28644941832555665,-3.522593735922201,0.1775807633512583,-1.7425669219764663,0.6164041054234921,-2.4395736164199144,0.5050091348023373,1,0,0,0,0
104,0.0011347689126667,7.379368731850657e-05,0.0002319410526316,0.0154356642773276,0.0039266657894736,d,0,-2.945092532068646,0.4161451383060192,-4.131980199787593,0.5917089617008152,-3.6346221889419787,0.14290163054466476,-1.8114746730041948,0.5891161872041062,-2.4059760502271605,0.5206953028614332,0,0,0,0,0
105,0.0019152321313556,2.2740740525060027e-05,0.0001388557894736,0.0177780327044035,0.0043298410526315,d,0,-2.7177785581541976,0.5812064927545931,-4.643193487376985,0.2663790944171663,-3.8574356952321094,0.07392826737259565,-1.7501162967661692,0.6134145038359144,-2.363528036164194,0.5405136039415324,0,0,0,0,0
106,0.0011269952121533,4.7166096536719206e-05,0.0002069121052631,0.0090868567165575,0.0022886594736842,d,0,-2.948077890440307,0.41397735562264476,-4.326369143676163,0.4680022215750145,-3.6842138905712196,0.12755019829198702,-2.0415863151596416,0.4979904781392488,-2.640418801587367,0.4112377196253547,0,0,0,0,0
107,0.0048546069546749,4.251693424426796e-05,0.0001250768421052,0.0110123533951608,0.0024547463157894,d,0,-2.313845917330188,0.874517403880073,-4.3714370370995965,0.43932156686172047,-3.9028227449784456,0.059878412327513585,-1.9581198562567599,0.5310437395014873,-2.609993365419461,0.4254428707444258,1,0,0,0,0
108,0.0019457873545194,4.699355677555651e-05,0.0001379405263158,0.0098492283570138,0.0024740805263157,d,0,-2.710904601051597,0.5861979354285207,-4.3279607593683,0.466989336866303,-3.8603078064398835,0.07303918675669069,-2.006597788790236,0.511846162470043,-2.6065861515163373,0.427033644599623,0,0,0,0,0
109,0.0016743885843377,4.533717506810239e-05,0.0001577978947368,0.0160129948666221,0.0037776668421052,d,0,-2.7761437196588,0.5388253208245947,-4.3435445860720945,0.4570719806543318,-3.8018985200130113,0.0911201594608149,-1.7955274328631567,0.5954313981680869,-2.422776334286604,0.5128515180561571,0,0,0,0,0
110,0.0006774946262961,4.74045151158383e-05,0.0001211084210526,0.0101772923218576,0.0024759326315789,d,0,-3.1690940810431023,0.2534890620622513,-4.324179375166154,0.4693957634019541,-3.9168252993347794,0.05554383098620812,-1.9923677468175054,0.5174813517748579,-2.60626115880416,0.4271853785160605,0,0,0,0,0
111,0.0017825867000379,2.304190083554501e-05,8.82310526315541e-05,0.019860848000175,0.0051675815789473,d,0,-2.748949313728729,0.5585722171501644,-4.637479811962892,0.2700152073846791,-4.054378047212644,0.012963487484310305,-1.7020022101527292,0.6324679955132103,-2.2867126501751285,0.576377483105752,0,0,0,1,1
112,0.0012611840900621,3.893438138464533e-05,0.000215267368421,0.0120021763600801,0.0030806384210526,d,0,-2.899221482113655,0.4494538588618377,-4.409665605821739,0.41499337451862983,-3.6670215965245787,0.13287218420201483,-1.9207399923778128,0.5458464090614041,-2.511359258360191,0.47149356295272776,0,0,0,0,0
113,0.004897581903558,2.151413967740148e-05,0.00030474,0.0099900835438778,0.0024637826315789,d,0,-2.310018283583439,0.8772967948681926,-4.66727399746633,0.25105455309229086,-3.5160703942746623,0.17960010598466808,-2.0004308755455393,0.5142883002815007,-2.608397593032267,0.4261879114329681,1,0,0,0,0
114,0.0016312159990009,1.2011904465530618e-05,0.0001130194736841,0.008993691519687,0.0021320331578947,d,0,-2.7874885010156243,0.5305874419804848,-4.9203845150215955,0.08997812357958702,-3.9468463352171343,0.04625062499886935,-2.046062007824818,0.4962180746925988,-2.671206024970281,0.3968636558230347,0,0,0,0,0
115,0.0005645689211393,2.076751307436126e-05,0.00022327,0.006051524689323,0.0015285952631578,d,0,-3.2482829560108697,0.19598699681588916,-4.682613416233499,0.24129273509404703,-3.651169433106185,0.13777932400123394,-2.2181351833385157,0.4280759764360713,-2.8157074621382194,0.32939823838199345,0,0,0,0,0
116,0.0011984988262778,2.937254152799323e-05,0.0001311615789473,0.0086166074401453,0.0022180121052631,d,0,-2.921362350709873,0.4333765289193544,-4.53205699493294,0.3371049953570338,-3.882193032740085,0.06626447328963023,-2.0646636873759756,0.4888516884332222,-2.65403606834744,0.4048800348550181,0,0,0,0,0
117,0.0009899296258625,2.7973400919055117e-05,0.0001654084210526,0.016014698304628,0.0040065836842105,d,0,-3.00439563444628,0.37308289170107084,-4.55325317772281,0.32361600455543554,-3.7814421214412546,0.09745257005555302,-1.7954812357350434,0.5954496925317125,-2.3972257710210787,0.5247806687299946,0,0,0,0,0
118,0.0007503597359908,3.7773659354762025e-05,0.0001264510526315,0.0113109726654855,0.0027567036842105,d,0,-3.124730420197207,0.28570320983953074,-4.422809790767337,0.40662857640458355,-3.8980772076068946,0.0613474241393398,-1.9465000433048238,0.5356452611130313,-2.559609897584548,0.4489661086874453,0,0,0,0,0
119,0.0009836052593431,3.0771682136931346e-05,0.0001539284210526,0.0176945485566791,0.0041383257894736,d,0,-3.007179113598638,0.37106170122581894,-4.511847351012123,0.34996616492015803,-3.812680903312411,0.08778240291475724,-1.7521605106423819,0.6126049818264879,-2.3831753120204078,0.5313406040517232,0,0,0,0,0
120,0.0011190489718788,1.394747371954558e-05,9.651210526315673e-05,0.0109135445795561,0.0027107899999999,d,0,-2.9511508686290226,0.4117459488451131,-4.855501334459107,0.13126898403603468,-4.0154177608193775,0.02502389633219907,-1.9620341692335779,0.5294936460678255,-2.566904109103749,0.44556055760995505,0,0,0,0,0
121,0.0023816572992425,2.580567410117117e-05,0.0001737568421052,0.0140012659524616,0.0037458510526315,d,0,-2.6231207115012842,0.6499411688884751,-4.588283108776759,0.3013233859999292,-3.7600578350385514,0.10407221433469571,-1.853832691840495,0.5723421358571823,-2.4264494840016586,0.5111365830097908,0,0,0,0,0
122,0.0010242901350322,1.7931586817702888e-05,0.0002103331578947,0.0084777286178187,0.0021024689473684,d,0,-2.989576967565921,0.38384329144365265,-4.746378854823601,0.20071319192211,-3.677092051240606,0.1297548097573437,-2.0717204847056823,0.486057150728076,-2.677270389183346,0.394032300847143,0,0,0,0,0
123,0.0007028611082779,3.644353465030652e-05,0.0002344857894736,0.0120399719790408,0.0030059752631579,d,0,-3.153130425236151,0.26508088197578594,-4.438378315841353,0.3967209579621615,-3.6298832864590596,0.14436858848376652,-1.9193745202154509,0.5463871449313411,-2.5220145831930303,0.4665187616503578,0,0,0,0,0
124,0.0012109593341225,3.346330241151362e-05,0.0002480789473683,0.0112376464040655,0.0032109447368421,d,0,-2.9168704050252656,0.43663830216647453,-4.475429903976655,0.3731417816313849,-3.6054099144726206,0.15194447920139562,-1.9493246333683942,0.5345267050506374,-2.493367155430342,0.47989378898919083,0,0,0,0,0
125,0.0008528859991776,4.62469301725455e-05,0.0001595863157894,0.0099268775237234,0.0021892968421052,d,0,-3.069108963910519,0.3260920726664953,-4.334916150948461,0.4625630109576991,-3.7970040791430977,0.0926352653144304,-2.0031873319705134,0.5131967255837614,-2.6596953295368353,0.40223781602291964,0,0,0,0,0
126,0.0006110291731984,4.1230728751723e-05,0.0002160226315789,0.0080703434191252,0.0020109557894736,d,0,-3.2139379830733277,0.22092619282723466,-4.384777935664737,0.4308315826124692,-3.6655005466275483,0.13334303504358863,-2.0931079788733067,0.47758756373591194,-2.696597455593369,0.3850088016431349,0,0,0,0,0
127,0.0008146292284915,4.366197084126304e-05,0.000167007368421,0.0187071342217294,0.0046742952631579,d,0,-3.089039958388575,0.31161941668585985,-4.359895670055981,0.4466663513180804,-3.7772641071667596,0.09874590141903686,-1.7279927354063978,0.6221755782303476,-2.330283848525566,0.5560347851870984,0,0,0,0,0
128,0.0021657347679138,6.081556019030119e-05,0.0001403826315789,0.0093421936035155,0.0021429105263157,d,0,-2.6643947113532884,0.6199705419104518,-4.215984574370302,0.5382496078504718,-3.8526863113033367,0.07539846991110907,-2.029551132178211,0.5027564889878755,-2.668995941560747,0.3978955085348555,0,0,0,0,0
129,0.0014955119082802,2.7267556441469336e-05,0.0001429489473684,0.0077703281452781,0.0020624136842105,d,0,-2.8252100954318,0.5031963522068439,-4.56435218652755,0.3165527314577171,-3.844818734492951,0.07783392924058205,-2.1095606347252196,0.4710722048585334,-2.685624197359489,0.39013204098210885,0,0,0,0,0
130,0.000645615552601,3.561220671002402e-05,0.0001403778947368,0.0065608244193227,0.0015152794736842,d,0,-3.190025948924406,0.23828963369394984,-4.448399894930362,0.3903433479231624,-3.8527009656633884,0.07539393355909556,-2.1830415780495915,0.44197327270339865,-2.819507231117641,0.32762418681959793,0,0,0,0,0
131,0.0024268627166748,3.500361191599577e-05,0.0003070815789473,0.0087171479209562,0.002319577368421,d,0,-2.6149547723475024,0.6558707690527622,-4.455885899102388,0.3855793466679244,-3.512746093584421,0.18062916478195035,-2.059625579442958,0.4908468119890802,-2.6345911184907966,0.41395857196101205,0,0,0,0,0
132,0.0023142068009627,3.202337967724961e-05,0.0001827742105262,0.0054453893711692,0.0012355531578947,d,0,-2.635597815682666,0.6408810672136438,-4.494531479333601,0.36098577331421655,-3.7380848456959406,0.11087409541963526,-2.263971052706993,0.40992467362634594,-2.908138529815699,0.2862436463751681,0,0,0,0,0
133,0.0032500906994468,3.70489923577618e-05,0.0003127868421052,0.0118068738987571,0.0022706936842105,d,0,-2.488104505744861,0.7479815902971919,-4.43122242705966,0.4012748778311513,-3.5047513856954,0.18310397835975048,-1.9278650714631052,0.5430248313363109,-2.643841428877722,0.40963974950537224,1,0,0,0,0
134,0.0010987300621835,4.452153256065552e-05,0.0001533157894736,0.0066299093397039,0.0016648505263157,d,0,-2.9591089531304724,0.40596727987899023,-4.351428918931117,0.4520544879073392,-3.8144128330575504,0.0872462728511494,-2.178492403737834,0.44377477536069787,-2.7786247261678567,0.3467115766513483,0,0,0,0,0
135,0.0004288209112066,2.595939134294281e-05,0.0001671042105263,0.0078555000455756,0.0018629994736841,d,0,-3.3677239434003425,0.10925633606644757,-4.5857038214678685,0.30296481281386145,-3.7770123471524437,0.09882383536114271,-2.1048261589946273,0.472947088084603,-2.7297872444846827,0.36951301830549116,0,0,0,0,0
136,0.0006558330435501,8.90211055153353e-05,0.0001675536842105,0.0115007820882295,0.0031386931578947,d,0,-3.1832066393635126,0.24324139470160713,-4.050506528845756,0.6435578067877784,-3.7758457591556,0.09918496022703707,-1.939272621517708,0.5385073672146289,-2.503251125495579,0.4752791209312463,0,1,0,0,0
137,0.0005817789780466,2.778831281160638e-05,0.0003807884210526,0.0107280110058031,0.0026986947368421,d,0,-3.235241900916892,0.20545660477787295,-4.556136258074958,0.32178124757414595,-3.4193161519857087,0.2095510079876404,-1.9694807855678569,0.5265447374978856,-2.5688462218415675,0.44465381613289834,0,0,1,0,0
138,0.0010620794798198,5.243953905606356e-05,0.000303597368421,0.0067871558038811,0.0017633278947368,d,0,-2.973842941087152,0.39526836873561355,-4.280340306236327,0.497294409276423,-3.51770185417107,0.17909507701308913,-2.168312174763503,0.447806212340761,-2.7536668975388388,0.35836398897249205,0,0,0,0,0
139,0.0004022748846756,9.039201234516928e-05,0.0001971899999999,0.0040539063905415,0.0010398705263157,d,0,-3.3954769730343326,0.08910380174331838,-4.043869464595676,0.6477815530871235,-3.70511489275861,0.12108015777005413,-2.3921262731837603,0.3591743716124236,-2.9830206893283435,0.25128235983421926,0,1,0,0,0
140,0.0004826125345732,9.767005318086027e-05,0.0003121589473683,0.0057752446124428,0.0013663694736842,d,0,-3.3164013126518577,0.1465236575571942,-4.01023813115549,0.6691841212720407,-3.5056240733061754,0.18283383226081779,-2.2384296088363542,0.4200392517565561,-2.864431817416326,0.30664961364296967,0,1,0,0,0
141,0.0007593788598713,4.482269287106453e-05,0.0003068957894736,0.0041907335582532,0.0008516863157894,d,0,-3.119541440035805,0.28947112643039596,-4.348501086428737,0.45391772460824686,-3.5130089284169506,0.1805478025581778,-2.3777099398405963,0.36488333351328966,-3.069720279600497,0.21080370325947412,0,0,0,0,0
142,0.0011687372860155,4.274907865020021e-05,0.0001710789473684,0.0078769828143872,0.0017190826315789,d,0,-2.9322830633608596,0.42544658255189544,-4.369072225055399,0.4408265042472827,-3.7668031767212766,0.10198415015335972,-2.1036400965384794,0.4734167765423416,-2.764703222205553,0.3532113049214026,0,0,0,0,0
143,0.0005147425751937,6.473691839919678e-05,0.0001595442105262,0.0044613135488409,0.0010578931578947,c,1,-3.2884098246916516,0.16684934557442746,-4.1888473068271,0.5555194321343861,-3.7971186784722444,0.09259979035027711,-2.350537242982891,0.3756438984511129,-2.975558150680787,0.2547665001645482,0,0,0,0,0
144,0.0015808375258194,5.360967234557812e-05,0.0002154894736842,0.0037956049567774,0.0009924368421052,d,0,-2.801112735907208,0.5206943649038566,-4.270756037006537,0.5033937206836858,-3.666573738036712,0.13301082169597855,-2.4207189834379963,0.3478514721206927,-3.0032970780819817,0.24181563716161908,0,0,0,0,0
145,0.0006571725795143,6.588822916936117e-05,0.0001667684210526,0.007923988919509,0.0020881568421052,c,1,-3.182320499684347,0.2438848545521165,-4.181191505378963,0.5603914902939402,-3.7778859226631534,0.09855341440703796,-2.1010561349469628,0.4744400421625324,-2.680236863654045,0.39264730120688823,0,0,0,0,0
146,0.0009401377878691,7.743898190953014e-05,0.0001308657894736,0.0039006471633911,0.0010286605263157,d,0,-3.0268084447524966,0.3568080945012499,-4.111039804511497,0.6050351724653352,-3.883173538658394,0.065960951335679,-2.4088633212824613,0.3525463915530033,-2.9877278831857885,0.24908464606200706,0,0,0,0,0
147,0.0037966339211714,4.97290962621136e-05,0.0002818752631579,0.0046696882498891,0.0014273221052631,d,0,-2.420601264921354,0.7969982704780143,-4.303388559906117,0.4826267832785335,-3.5499428812484903,0.1691146583810346,-2.330712102825716,0.3834947830791594,-2.8454779777105674,0.315498859248558,1,0,0,0,0
148,0.0020747467091209,4.450584712780236e-05,0.0002274452631579,0.0081972166111594,0.0024979642105263,d,0,-2.6830348946679434,0.6064351931938584,-4.351581952340061,0.4519570993225148,-3.6431229125401776,0.14027017652858512,-2.086333583247332,0.48027026852703153,-2.602413770866693,0.4289816626108489,0,0,0,0,0
149,0.0006522316681711,8.153287987960596e-05,0.00027518,0.0043470388964602,0.0012427836842105,d,0,-3.1855980518879194,0.24150489877253395,-4.08866668472589,0.6192731515384046,-3.5603829758605,0.16588285951383636,-2.3618064638184766,0.37118121360113254,-2.9056044220358626,0.28742678090004176,0,1,0,0,0
150,0.0007035700898421,0.0001956287183259,0.0001205278947368,0.0076669548687181,0.0018220289473684,d,0,-3.152692569813418,0.26539882551389954,-3.708567168372428,0.8611638226376528,-3.9189120688762022,0.054897857966737955,-2.1153770875321674,0.4687688516630556,-2.7394447036466363,0.3650041045773613,0,1,0,0,0
151,0.0040211865776463,0.0001311584522849,0.0002454421052631,0.0078802736181961,0.0022818931578947,d,0,-2.395645764949861,0.8151194117140843,-3.8822033856756613,0.7506638632229283,-3.610050755639796,0.1505078767773457,-2.103458697201103,0.47348861186143926,-2.6417046748133144,0.4106373659149347,1,1,0,0,0
152,0.0016602748318722,7.54124239871318e-05,0.0002276910526315,0.0048921233729312,0.0012753410526315,d,0,-2.779819989364546,0.5361558410451548,-4.122556523535612,0.5977060737063304,-3.6426538443869174,0.1404153796117642,-2.310502590283346,0.3914978816752511,-2.8943736262989272,0.2926702603936528,0,0,0,0,0
153,0.0003955928902877,5.461981422024522e-05,0.0035493136842105,0.0063552197657133,0.0022507363157894,d,0,-3.4027514124902853,0.08382155354371752,-4.26264898624871,0.5085529483703185,-2.44985560427959,0.5096537959706011,-2.1968694199621686,0.43649735724202826,-2.6476753623388434,0.4078497470911047,0,0,1,0,0
154,0.0010265362890143,6.49816111514735e-05,0.0458098310526316,0.0057671132840608,0.0100262284210526,c,1,-2.9886256510006426,0.38453407871937617,-4.187208856643575,0.5565621217390921,-1.3390413089577193,0.8535135515286738,-2.2390415100789802,0.41979693487901937,-1.9988624010294564,0.7107701756611264,0,0,1,0,1
155,0.0007506389366952,0.0001498084319265,0.0231004036842105,0.0120159889522351,0.008588877368421,c,1,-3.1245688540176855,0.2858205292104679,-3.8244634519030245,0.7874088490189672,-1.6363804287779045,0.76147030227467,-1.9202404760253307,0.5460442207904547,-2.066063592993773,0.6793950104221879,0,1,1,0,1
156,0.0005057077658803,0.0001339724189356,0.0884807478947368,0.0077559351921081,0.0191928857894736,c,1,-3.2961002912125372,0.1612650042406362,-3.872984276997957,0.7565307909327573,-1.0531512146038708,0.9420126808385855,-2.11036582290401,0.4707533450953522,-1.7168597187693504,0.8424327324567393,0,1,1,0,1
157,0.0006373116844578,9.443571693017694e-05,0.1361986063157894,0.0083006965486626,0.0310693436842105,c,1,-3.195648050957327,0.2342072107772167,-4.024863258403734,0.6598768696371826,-0.8658273361018611,1.0,-2.080885457265658,0.4824277619007015,-1.5076679193844187,0.9401010487541387,0,1,1,0,1
158,0.0007562982408623,4.1607179139801466e-05,0.0061541278947368,0.0065518523517407,0.0019159599999999,d,0,-3.1213068523410836,0.28818919315875674,-4.3808306834669875,0.4333435655065064,-2.210833475454527,0.5836446431688187,-2.1836358914851774,0.4417379207120033,-2.717613539375586,0.37519672715355495,0,0,1,0,0
159,0.0008240153915003,0.0001145287563926,0.0126500042105263,0.0124740224135549,0.0030992684210526,c,1,-3.0840646234850997,0.3152321972987752,-3.9410850758292946,0.7131922776672246,-1.8979093265010116,0.6805123390749062,-1.9039934764542124,0.5524781384411508,-2.508740794796726,0.4727160818482181,0,1,1,0,0
160,0.0008628995794998,0.0002153735411794,0.0003007278947368,0.0141290990929854,0.0033360463157894,d,0,-3.064039692317467,0.32977306429586045,-3.6668074495562197,0.8877391955985989,-3.5218261415908514,0.17781837714526263,-1.8498855259070321,0.5739052392756546,-2.4767679154740545,0.4876437095076521,0,1,0,0,0
161,0.0020225142177782,6.673524254245009e-05,0.0002717610526315,0.0070890815634476,0.0013023731578947,d,0,-2.6941083952484193,0.5983943016779311,-4.175644106022466,0.5639217872174196,-3.5658126241434798,0.16420207674104112,-2.149410020716612,0.4552915884575093,-2.8852645298903794,0.2969231522939537,0,0,0,0,0
162,0.0021308440911142,4.5970866554696864e-05,0.0003160299999999,0.0124188191012332,0.0027502115789473,d,0,-2.6714483050550153,0.6148486582440514,-4.337516364969326,0.4609082666408874,-3.5002715514280704,0.18449074005573513,-1.9059196955255773,0.5517153431429719,-2.5606338780021836,0.4484880285542564,0,0,0,0,0
163,0.0018293888945328,3.873674493085797e-05,0.0002216410526315,0.0147806406021118,0.0033723868421052,d,0,-2.7376939379261986,0.5667451752081346,-4.41187575493644,0.41358686272478884,-3.6543495999838966,0.13679488275861656,-1.830306740003383,0.5816585660147418,-2.4720626009571327,0.4898405458457336,0,0,0,0,0
164,0.0021240428874367,4.749235353974704e-05,0.0001858094736842,0.0072530351187053,0.001371487368421,d,0,-2.6728366980342453,0.6138404930982305,-4.3233753934576,0.4699074075021607,-3.7309319131028498,0.11308833200566235,-2.1394802137209044,0.45922385670298027,-2.8628081562843684,0.3074076751418529,0,0,0,0,0
165,0.0008411344728971,4.2909070065147e-05,0.0001654568421052,0.009543920818128,0.0023221405263157,d,0,-3.075134515984331,0.3217166892728718,-4.367449885365084,0.4418589413316708,-3.7813150063540433,0.0974919193536313,-2.020273167929806,0.5064306232598094,-2.634111483398643,0.4141825059394256,0,0,0,0,0
166,0.0015807496873955,2.935058192201751e-05,0.0001900763157894,0.0065498038342124,0.0016397463157894,d,0,-2.8011368679256043,0.5206768417240295,-4.532381804074666,0.3368982908023292,-3.721071765974793,0.11614060437512959,-2.183771700247011,0.4416841395577627,-2.785223309719775,0.34363080318241473,0,0,0,0,0
167,0.0026701437799554,7.245728844091681e-05,0.0001804257894736,0.0054380642740349,0.0011511236842105,d,0,-2.5734653361683355,0.685997832572484,-4.139917323160139,0.5866578737183793,-3.7437011450157835,0.10913553361016325,-2.264555655681461,0.4096931670407998,-2.938877972713361,0.2718918905197185,1,0,0,0,0
168,0.001407548000938,4.1644824178595295e-05,0.0002405063157894,0.0035677583594071,0.0007779736842105,d,0,-2.851536754831855,0.48407955976400513,-4.380437924282682,0.4335935126350465,-3.618873333823336,0.14777679059096832,-2.4476045554443107,0.33720461049413203,-3.109035037412041,0.1924482695742945,0,0,0,0,0
169,0.0008737601731952,4.531521546215004e-05,0.0001281489473684,0.0073759210737128,0.00183241,d,0,-3.058607705019357,0.3337174376457846,-4.343754992323491,0.45693808069612624,-3.8922846179166073,0.06314055777413267,-2.132183733224016,0.4621133105034433,-2.7369773231161143,0.3661560852132639,0,0,0,0,0
170,0.0014988968246861,4.000099081742136e-05,0.0001669031578947,0.0124780065134951,0.0022045005263157,d,0,-2.8242282314473846,0.5039093211297878,-4.397928165433851,0.4224629376468645,-3.7775351859577713,0.09866198722455197,-1.903854788524243,0.5525330597647258,-2.6566897734512156,0.4036410622461606,0,0,0,0,0
171,0.0015181083428232,5.036906192176052e-05,0.0001245178947368,0.0037314766331722,0.001001397368421,d,0,-2.8186972044368677,0.5079256109958528,-4.297835275185228,0.48616082557574075,-3.9047678819001783,0.059276282602274334,-2.428119261985815,0.3449209136160001,-2.9993935108522085,0.2436381504724019,0,0,0,0,0
172,0.000987946987152,2.8111432728020336e-05,0.0001836926315789,0.0104376736440156,0.0020115452631578,d,0,-3.005266314899494,0.37245065738469996,-4.551115474663837,0.3249764125678068,-3.735908027676916,0.11154794352824218,-1.9813962822447038,0.5218261232054191,-2.696470169035066,0.3850682297080652,0,0,0,0,0
173,0.00064596376921,4.091074592188201e-05,0.0001645747368421,0.0106702792017083,0.0023922210526315,d,0,-3.1897917727813097,0.23845967793141315,-4.388161540413451,0.4286782980430675,-3.783636566791015,0.09677326529261286,-1.971824212477766,0.5256167251782704,-2.6211986737940576,0.4202112908939835,0,0,0,0,0
174,0.0012138140828985,6.847946267376035e-05,0.00029951,0.0116712733318931,0.003318447368421,d,0,-2.915847792271017,0.4373808603268285,-4.16443902182651,0.5710525653933192,-3.5235885278646255,0.17727281906606698,-1.9328817562706275,0.5410381914776827,-2.4790650529218814,0.4865712126531262,0,0,0,0,0
175,0.0013925652754934,6.58694066499292e-05,0.0001154121052631,0.0050636090730366,0.0013452463157894,d,0,-2.8561844072496925,0.4807047219135914,-4.181315589329334,0.5603125247895482,-3.9377482605206553,0.049066992914150696,-2.2955398220554217,0.3974232353495412,-2.871198156393499,0.30349051784026115,0,0,0,0,0
176,0.0023713927519948,3.463657278764205e-05,0.0001728757894736,0.011645749995583,0.0032129568421052,d,0,-2.6249964935458103,0.6485790919356683,-4.460463833149151,0.38266600557914016,-3.7622655723635727,0.1033887949547729,-1.933832533588614,0.5406616774671236,-2.493095094532956,0.4800208098851159,0,0,0,0,0
177,0.0007763034419009,2.5052773325060973e-05,0.0002286589473684,0.0123578404125414,0.0029894726315789,d,0,-3.1099684323545436,0.29642245276905,-4.601142457515034,0.29313985415531585,-3.6408116101834223,0.14098565513447073,-1.908057413990364,0.5508687927074527,-2.524405403634975,0.46540252569932766,0,0,0,0,0
178,0.0026533352701287,3.4078158220774456e-05,0.0002572789473684,0.008494662611108,0.0015398926315789,d,0,-2.5762078536018493,0.6840063859650485,-4.467522610631788,0.37817388615000797,-3.5895955809983917,0.15683990849652052,-2.070853860539807,0.4864003395422898,-2.8125095309206243,0.33089130148760154,1,0,0,0,0
179,0.0009499035383525,3.056463442351273e-05,0.0002004326315789,0.0107878885771099,0.0028534652631578,d,0,-3.0223204488736553,0.3600669996436146,-4.514779373435596,0.3481002618048474,-3.6980313547442223,0.12327291281504384,-1.9670635437881425,0.5275019809867173,-2.5446273947746465,0.45596120040550786,0,0,0,0,0
180,0.0012120635885941,4.108955985623739e-05,0.0002937552631579,0.0090661739048205,0.0024083036842105,d,0,-2.916474559313074,0.4369257408499916,-4.386267453850579,0.42988367150475654,-3.5320141956355466,0.174664599067167,-2.042575949891475,0.49759857633971877,-2.618288731913798,0.42156989636897757,0,0,0,0,0
181,0.0007433326620804,7.522419879309257e-05,0.0001431884210526,0.0095891074130409,0.0022462921052631,d,0,-3.1288167254276793,0.28273598761197893,-4.123641851865846,0.597015384066201,-3.844091796576583,0.07805895757815465,-2.018221812036698,0.507242973554444,-2.6485337499093804,0.4074489796184243,0,0,0,0,0
182,0.0022823653723064,2.8622777838456004e-05,0.0003263189473684,0.0057167630446584,0.0010735352631579,d,0,-2.6416148113212863,0.6365118969742656,-4.543286702982666,0.3299585468625538,-3.4863575755361786,0.188797901359993,-2.242849800981245,0.41828882687742724,-2.969183644966547,0.2577426552632113,0,0,0,0,0
183,0.0023942464276363,4.138130890696841e-05,0.0002023542105263,0.0083490359155755,0.0015002405263157,d,0,-2.620831133762608,0.6516037186919617,-4.383194727055845,0.43183911715649864,-3.6938875398869584,0.12455565752754666,-2.0783636655085216,0.483426407861551,-2.8238390780776697,0.32560171653018893,0,0,0,0,0
184,0.0022258946770115,4.357099533080471e-05,0.0004147215789473,0.0135928110072487,0.0028507042105263,d,0,-2.6524953695805444,0.6286111082435838,-4.360801522227545,0.4460898781044378,-3.382243261956689,0.2210271610736215,-1.8666907182405295,0.5672502736554156,-2.5450478275753348,0.4557649070332047,0,0,1,0,0
185,0.0025638718354074,2.5560981348917827e-05,0.0004517194736842,0.0093003825137489,0.0017370178947368,d,0,-2.59110367148353,0.673189963935073,-4.592420777511514,0.29869022435679393,-3.3451310904019422,0.23251547401016573,-2.0314991843899595,0.5019850476239004,-2.7601956824311884,0.3553158033850143,1,0,1,0,0
186,0.002556025981903,3.9357888071178095e-05,0.0004568226315789,0.0150369625342519,0.004478737368421,d,0,-2.592434718913967,0.6722234395814672,-4.404967110238611,0.41798343949072714,-3.3402522936552557,0.2340257371241699,-1.8228398794625125,0.584615491422347,-2.348844393987033,0.5473691623944613,0,0,1,0,0
187,0.001560954671157,3.889673634576386e-05,0.0002802952631579,0.0075668347509283,0.0017606342105263,d,0,-2.806609680487556,0.5167028235914756,-4.410085720356836,0.4147260187803008,-3.552384086583609,0.1683589674673182,-2.12108574457257,0.46650818629322877,-2.7543308390428147,0.35805400526852293,0,0,0,0,0
188,0.0033104545191714,3.697683936672376e-05,0.0002146857894737,0.0090918572325455,0.0020505863157894,d,0,-2.480112361197112,0.7537849915632168,-4.432069038854293,0.40073610446693037,-3.6681964992297695,0.13250848546432945,-2.0413473877484707,0.498085094950263,-2.688121923957729,0.3889658922509511,1,0,0,0,0
189,0.0031463848917107,2.7185992190712377e-05,0.0001943036842105,0.0062975601146095,0.0021051489473684,d,0,-2.5021881381825875,0.7377549271242455,-4.565653214699372,0.31572477308349917,-3.7115187411102815,0.11909780505987533,-2.2008276712696886,0.4349298639432277,-2.6767171501095084,0.3942905993512456,1,0,0,0,0
190,0.0024660762987638,4.039312663832962e-05,0.0001283684210526,0.0251327094278837,0.0067378526315789,d,0,-2.60799347313867,0.6609256341644166,-4.393691453706682,0.4251591290358218,-3.891541462320552,0.06337060639943154,-1.5997606881055906,0.6729563041669809,-2.1714784855724107,0.6301784775509267,0,0,0,1,1
191,0.0005956386265001,8.889562205266781e-05,0.0002152263157894,0.0059015217580293,0.001524767368421,d,0,-3.225017073581822,0.21288124225117064,-4.051119138170656,0.6431679497257559,-3.667104426650996,0.1328465436002125,-2.2290359799989377,0.42375918995908923,-2.816796382469103,0.32888983883855,0,1,0,0,0
192,0.0015724113113001,7.363997007670571e-05,0.0001154857894736,0.0067471171680249,0.0015913531578947,d,0,-2.803433813079701,0.5190089421589462,-4.132885806888391,0.591132644447203,-3.9374710763615886,0.04915279706483787,-2.1708817415397506,0.4467886471611736,-2.798233402424575,0.3375565982992072,0,0,0,0,0
193,0.0003032590213574,0.0001264653707805,0.0001953110526316,0.0143767375695077,0.0036813852631579,d,0,-3.5181861276564055,0.0,-3.8980280349346947,0.7405932504899769,-3.70927295697803,0.11979300207525799,-1.8423396517047623,0.5768934546078087,-2.4339887187301557,0.507616634501923,0,1,0,0,0
194,0.0010742294160943,4.453408090691817e-05,0.00030171,0.0072677355063588,0.0017404594736842,d,0,-2.9689029188933307,0.39885550744194337,-4.351306531018128,0.45213237407433926,-3.5204101512076846,0.17825670613425643,-2.1386008803166736,0.4595720784583611,-2.7593360597854812,0.35571714749460265,0,0,0,0,0
195,0.0006229846101058,0.0001737381282605,0.0002552778947368,0.0098524972012168,0.0026772963157894,d,0,-3.20552261208588,0.22703691496831227,-3.76010461162821,0.828366025746252,-3.5929866202771086,0.1557901903371683,-2.0064536754237206,0.5119032323018274,-2.5723035434132986,0.44303964780602095,0,1,0,0,0
196,0.0011215523669594,0.0003232924561751,0.00017981,0.0061941523300973,0.0016055942105263,d,0,-2.950180405025314,0.4124506395164022,-3.4904042949223006,1.0,-3.745185917435533,0.10867591269651043,-2.208018111421017,0.4320824028102721,-2.794364179453936,0.3393630768229001,0,1,0,0,0
197,0.0008017985444319,3.8683414459240205e-05,0.00030729,0.0070565154677943,0.0017517105263157,d,0,-3.095934682328754,0.3066128944183668,-4.412474076447388,0.41320609825235555,-3.5124514312328152,0.18072037942027655,-2.1514096960071543,0.45449970401809864,-2.7565376354818825,0.3570236871908136,0,0,0,0,0
198,0.0003221223228856,0.00027638987491,0.0003848121052631,0.0072110797229566,0.0016405552631578,d,0,-3.491979042965029,0.019029964681956293,-3.558477713541786,0.9566789111655302,-3.4147511617008783,0.21096413028006814,-2.141999696995211,0.4582261249163671,-2.7850091090705402,0.3437308100508583,0,1,1,0,0
199,0.0004436185485438,0.0001517816593772,0.0004433057894737,0.0084755326572217,0.0022342757894736,d,0,-3.3529902055584135,0.11995506559195533,-3.8187804173589655,0.7910254625125354,-3.353296498908338,0.22998781895129067,-2.071832993272425,0.4860125966028511,-2.6508632010153304,0.40636139603204957,0,1,1,0,0
200,0.0010638676191631,0.0001051865125957,0.0005297210526316,0.0115684176746167,0.0036817931578947,d,0,-2.9731123686659338,0.3957988652611569,-3.9780395305794842,0.6896749158316002,-3.2759526846295075,0.2539300973175781,-1.9367260359265743,0.5395158316952293,-2.4339406018929344,0.507639099486166,0,1,1,0,0
201,0.0010592278681303,5.0780020262054e-05,0.0003286231578947,0.0198765271588375,0.0050390121052631,d,0,-2.9750105605287156,0.3944205156837924,-4.294306274925774,0.48840663806521195,-3.4833017031715423,0.18974386643151384,-1.7016594913707332,0.6326037143830888,-2.2976545897148815,0.5712688659657983,0,0,0,1,0
202,0.0009261965751647,0.0001728754294545,0.0003075615789474,0.0186992475860997,0.0049096826315789,d,0,-3.0332967823576897,0.35209666486588626,-3.762266476795485,0.8269902412644533,-3.5120677769929944,0.1808391420736554,-1.7281758657815725,0.6221030574090072,-2.3089465714974926,0.5659968196828599,0,1,0,0,0
203,0.0008987156968367,3.789600573087409e-05,0.00031556,0.0127722119030199,0.0028822394736842,d,0,-3.0463776245954213,0.3425981659398999,-4.4214054165883345,0.40752230291045327,-3.5009179149851013,0.18429065403266331,-1.8937338813181905,0.5565410049381739,-2.540269923173393,0.4579956344314088,0,0,0,0,0
204,0.0009540037104957,0.000118403058303,0.0002775984210526,0.0127230129743877,0.0031318284210526,d,0,-3.0204498906271935,0.361425283397222,-3.9266367130246587,0.7223870385778088,-3.5565828519794516,0.16705921245989663,-1.8954100265318978,0.5558772405164174,-2.504202025157963,0.47483516103766593,0,1,0,0,0
205,0.001923802651857,9.712106303163664e-05,0.0001821321052631,0.0151438399365073,0.0040385626315789,d,0,-2.7158394583748633,0.5826145471318762,-4.012686125535727,0.6676262476678764,-3.7396132539228044,0.11040096675943013,-1.8197639864471318,0.5858335650904533,-2.3937731667712714,0.5263926346144672,0,1,0,0,0
206,0.0018876728258634,4.468466106213437e-05,0.0001756152631579,0.0089612258108038,0.0024592221052631,d,0,-2.724073253045405,0.5766356744864024,-4.34984055997777,0.45306530006742185,-3.7554374938806756,0.10550247084816786,-2.0476325740567702,0.4955961202352782,-2.6092022284147207,0.4258122400000121,0,0,0,0,0
207,0.0011522550331918,4.135307512788181e-05,0.0004197968421052,0.0130537465999,0.0038157431578947,d,0,-2.9384513484567223,0.4209675552619532,-4.383491139374336,0.4316504839918745,-3.3769607292402184,0.22266240327050627,-1.884264818781378,0.5602908153769853,-2.4184208544686534,0.5148850221501861,0,0,1,0,0
208,0.0026767693067851,7.72319341960414e-05,0.0001794115789473,0.0066472229204679,0.0013334005263157,d,0,-2.5723890399726628,0.6867793723290871,-4.112202526232696,0.6042952306202607,-3.746149289623716,0.10837769459962858,-2.1773597500006856,0.4442233136178491,-2.875039345216613,0.3016971280131408,1,0,0,0,0
209,0.0010832579512345,6.177864576639713e-05,0.0003147278947368,0.0113246503629182,0.0022072952631578,d,0,-2.9652680744203157,0.4014949067784381,-4.209160913002228,0.5425921022674931,-3.5020646253137278,0.18393568242763625,-1.9459751936743817,0.5358531049851557,-2.656139549028263,0.4038979532578231,0,0,0,0,0
210,0.0006852432301169,4.020490144430792e-05,0.0001110715789473,0.0092154521691171,0.00258916,d,0,-3.1641551830157866,0.257075384468365,-4.395719917946479,0.42386823926839245,-3.954396663335115,0.04391337205572126,-2.03548334594008,0.5004072937002706,-2.5868410942554303,0.43625229706849905,0,0,0,0,0
211,0.0005659398279691,0.0001757050815381,0.0001444305263157,0.0064359589626914,0.0015141110526315,d,0,-3.2472296648119077,0.19675183176613673,-3.7552154309906274,0.8314774403486598,-3.840340705453378,0.0792201321166293,-2.1913867269881373,0.43866853936981476,-2.819842241610993,0.32746777576082853,0,1,0,0,0
212,0.0031402801212511,0.0001021247161062,0.0001020263157894,0.0066054337903073,0.0020727563157894,d,0,-2.503031596158298,0.7371424600880412,-3.990868712482877,0.6815105817907744,-3.9912873699410403,0.03249361502765528,-2.180098649665323,0.4431386915115544,-2.683451731912026,0.3911463304671262,1,1,0,0,0
213,0.0018502066009923,4.54501101845306e-05,0.000134014736842,0.0062783485964724,0.0019206284210526,d,0,-2.732779750469543,0.5703135543255359,-4.342464104042217,0.45775958616834317,-3.8728471180388366,0.06915756168268752,-2.2021545674591083,0.4344044044098302,-2.716556626214808,0.37569018305951896,0,0,0,0,0
214,0.0006157348030491,3.3425657372737326e-05,0.0001285310526315,0.0058847571674146,0.0014813831578947,d,0,-3.2106062276461422,0.2233455076367571,-4.47591874355516,0.37283069011819725,-3.890991597809463,0.06354082051818163,-2.23027144609098,0.423269937339759,-2.8293325679097747,0.3230368937021616,0,0,0,0,0
215,0.0007157137519434,3.617060811894904e-05,0.0001039789473684,0.0107145685898629,0.0027198568421052,d,0,-3.1452605773586906,0.2707954789606892,-4.441642988912094,0.39464336005417877,-3.9830541657882095,0.03504225666773408,-1.9700253065990665,0.526329103622933,-2.56545393820411,0.44623761928506694,0,0,0,0,0
216,0.0015077841909308,2.4124195701203416e-05,0.0001250026315789,0.0045470689472399,0.0010489884210526,d,0,-2.8216607857602236,0.5057736414586183,-4.617545356846174,0.28270125016747727,-3.9030804966184927,0.05979862363887811,-2.3422684509834553,0.3789183939394784,-2.9792292642094833,0.25305251578113264,0,0,0,0,0
217,0.0030477360675209,2.39798897190981e-05,0.0001659268421052,0.0065767608190838,0.00163475,d,0,-2.5160226311477674,0.7277091736335195,-4.620151007431495,0.28104304608771336,-3.7800830904215803,0.09787326690487258,-2.1819879454921005,0.442390518058722,-2.7865486273987834,0.34301203348566506,1,0,0,0,0
218,0.0017382282959787,4.0735069074134645e-05,0.0002293610526315,0.0061528431741814,0.0017316989473684,d,0,-2.7598931596501237,0.5506254728319211,-4.390030476780335,0.42748892985769243,-3.6394801375526677,0.14139782110611124,-2.2109241471621037,0.4309315937291068,-2.76152758196298,0.35469396072612486,0,0,0,0,0
219,0.0010856578224583,4.32917946262896e-05,0.0001098131578947,0.014667482752549,0.0037155084210526,d,0,-2.964306994076253,0.402192783906681,-4.3635934073091,0.444313156675039,-3.9593452237937523,0.042381513133093365,-1.8336444108360352,0.5803368266259755,-2.429981738357437,0.5094874297605841,0,0,0,0,0
220,0.0008860732379712,2.9435283259329904e-05,0.0001077178947368,0.0072018064950641,0.0018745942105263,d,0,-3.052530331207658,0.33813045078164594,-4.531130305143862,0.3376947293749336,-3.9677117399509143,0.03979160389912841,-2.1425585458117573,0.4580048171451009,-2.7270927054100316,0.370771055644395,0,0,0,0,0
221,0.0008583633523238,3.084383512797524e-05,0.0001961094736841,0.0072204909826579,0.0018137694736842,d,0,-3.066328782179112,0.32811086875851164,-4.510830218969279,0.35061345527927373,-3.707501204411325,0.12034145955105964,-2.141433264032069,0.45845043605908264,-2.741417887746671,0.3640828563766105,0,0,0,0,0
222,0.0041472723609522,4.968203996355412e-05,0.0001983468421052,0.0117593376260054,0.002187167368421,d,0,-2.3822374321061734,0.8248557140714101,-4.3037997060209445,0.4823651349328855,-3.7025744906124416,0.12186655569874445,-1.9296171365966575,0.5423310021318114,-2.6601179623548545,0.40204049549759635,1,0,0,0,0
223,0.0005725747660586,1.92711227818364e-05,0.0001358752631578,0.0043111349406995,0.0011609757894736,d,0,-3.242167719834558,0.20042750326013806,-4.715090727972675,0.22062457216804282,-3.866859282153356,0.07101113504105576,-2.365408373223104,0.36975483401681614,-2.9351767993633207,0.2736199093545204,0,0,0,0,0
224,0.0013652914448788,4.2372628262168486e-05,0.0001143268421052,0.0060971849843075,0.0015957984210526,d,0,-2.864774599310201,0.47446705551735574,-4.372913572084474,0.43838191810389016,-3.9418514123972463,0.047796835690531767,-2.2148706214659577,0.4293687642004643,-2.79702194175635,0.338122209972676,0,0,0,0,0
225,0.001959248592979,6.407499313353908e-05,0.0001346178947368,0.0075157472961827,0.0012107799999999,d,0,-2.7079104342791664,0.5883721142279654,-4.193310753893579,0.5526789491559162,-3.870896882960886,0.06976126957518508,-2.1240278249376003,0.46534310330621476,-2.916934725584027,0.2821368427956737,0,0,0,0,0
226,0.0009842013057909,7.777465017217755e-05,0.0002144694736841,0.0052298025081032,0.0012383005263157,d,0,-3.0069160189739614,0.371252744276756,-4.109161375256469,0.6062305818083157,-3.6686343114903273,0.13237295784505976,-2.2815147026870934,0.4029772739683036,-2.9071739074156926,0.286694013196183,0,0,0,0,0
227,0.0008679095067475,4.594890694866855e-05,0.0001669078947368,0.00908152680648,0.0022579921052631,d,0,-3.0615255044721543,0.3315987120725416,-4.337723870161958,0.4607762128809039,-3.7775228605231455,0.09866580264262449,-2.0418411260043916,0.4978895713850848,-2.6462775616214436,0.40850235796298945,0,0,0,0,0
228,0.0009901900040475,3.655960685329602e-05,0.0002019368421052,0.0104489859781767,0.0025121636842105,d,0,-3.004281418318653,0.37316582839168155,-4.4369972952277665,0.3975998225453822,-3.6947842244697524,0.12427808301059025,-1.980925849458819,0.5220124176526689,-2.5999520495446897,0.43013100105251056,0,0,0,0,0
229,0.0009642902173494,4.009824050099058e-05,0.0001195836842105,0.0148516077744333,0.0038996431578947,d,0,-3.0157921940628305,0.3648074146858755,-4.396873600601162,0.4231340497744042,-3.922327707516181,0.05384052491587239,-1.8282265259297188,0.5824823443368368,-2.408975120720727,0.5192950846577317,0,0,0,0,0
230,0.0020308243600945,7.205887844688014e-05,0.0002231868421052,0.006650005516253,0.0017796652631578,d,0,-2.6923276144125503,0.5996873946263445,-4.142311898999846,0.5851339950183438,-3.651331218056807,0.13772924242251444,-2.1771779879139395,0.4442952925880599,-2.749661651958915,0.3602339742840526,0,0,0,0,0
231,0.0007293381189045,3.047052182652233e-05,0.0001666105263157,0.0123190001437538,0.0031472563157894,d,0,-3.1370710278679237,0.27674222349201466,-4.516118682860629,0.34724794171052376,-3.7782973030306772,0.09842606895135389,-1.9094245361844928,0.5503274034141891,-2.502067872458282,0.47583156291150736,0,0,0,0,0
232,0.0016866608669883,3.804658588606692e-05,0.000133604736842,0.0093144899920413,0.0018138842105263,d,0,-2.7729722054745545,0.5411282783502126,-4.419683167121476,0.4086183213514538,-3.874177818987972,0.06874563459008738,-2.0308409149249167,0.5022457266195214,-2.7413904156784956,0.3640956826472951,0,0,0,0,0
233,0.0014724982412237,4.6984145515884345e-05,0.00016585,0.014569480168192,0.0034427005263158,d,0,-2.8319451857753597,0.49830574598806443,-4.328047742756041,0.46693398170500966,-3.7802842622847757,0.09781099285240959,-1.836555940383901,0.5791838419615433,-2.4631007414521533,0.49402469518293857,0,0,0,0,0
234,0.0020580950536225,6.064929460224937e-05,0.0001261878947368,0.0086751078304491,0.0026046678947368,d,0,-2.686534550011938,0.6038939598449559,-4.2171735298710225,0.5374929711498112,-3.8989819609997265,0.06106735187000573,-2.061725113274047,0.49001538291721086,-2.584247626392434,0.43746314586991014,0,0,0,0,0
235,0.0007619512708563,2.407400231611772e-05,0.0001962736842105,0.0071409093706231,0.0018121857894736,d,0,-3.11807274525186,0.29053760178224025,-4.618449898032091,0.2821256112490234,-3.70713770413429,0.12045398341479903,-2.1462464726888575,0.45654437408143317,-2.7417972555378443,0.36390573560261125,0,0,0,0,0
236,0.0012192851618716,2.888001893692526e-05,0.0001379857894736,0.007063206873442,0.0018409884210526,d,0,-2.913894675707843,0.4387990928259655,-4.539401022544782,0.33243134624365844,-3.8601653225630717,0.07308329356307391,-2.1509980674134566,0.45466271162223687,-2.734948919404218,0.3671031145705084,0,0,0,0,0
237,0.0015904621074074,6.320602015442185e-05,0.000181184736842,0.0166060736304835,0.0042663178947368,d,0,-2.7984766461475803,0.5226085303142766,-4.199240867594086,0.5489050975170824,-3.7418781507618393,0.10969985328194368,-1.779733038153642,0.6016860813456658,-2.3699467770599387,0.5375167961418007,0,0,0,0,0
238,0.0010832548141479,2.3333649886276025e-05,0.0001581168421052,0.0051452266542534,0.0014875063157894,d,0,-2.9652693321274435,0.4014939935092781,-4.632015461632706,0.2734926529262329,-3.8010215932645557,0.09139161781225691,-2.288595480775025,0.40017323972670793,-2.8275411524324046,0.3238732770306586,0,0,0,0,0
239,0.0013727169287832,4.390038942036461e-05,0.0002431942105262,0.0075612946560508,0.0021615752631578,d,0,-2.862418978789216,0.476177561506341,-4.35753063804082,0.4481714286904668,-3.6140465894979013,0.14927094054103207,-2.1214038318450337,0.46638222166155596,-2.665229618222856,0.39965394486039485,0,0,0,0,0
240,0.00070657855586,2.0478901110238276e-05,0.0001262694736841,0.0059172605213365,0.0014959542105263,d,0,-3.1508394857551627,0.26674442059235154,-4.688691230454569,0.2374248886551583,-3.8987012858105716,0.06115423669165456,-2.2278793021247685,0.42421724193097554,-2.825081670501854,0.3250215699361503,0,0,0,0,0
241,0.0007060515253167,4.127464796369198e-05,0.000174424736842,0.0052741985572011,0.0012623505263158,d,0,-3.1511635428993703,0.26650911032866414,-4.3843155699927765,0.4311258264561785,-3.7583916745901957,0.10458798508675116,-2.2778435161615866,0.40443108774370645,-2.8988200001437905,0.29059431932744734,0,0,0,0,0
242,0.0005068998587758,3.913829201145592e-05,0.0001575968421052,0.0057769449133622,0.0014428805263157,d,0,-3.295077744096076,0.16200751473888703,-4.407397021163889,0.4164370739755439,-3.8024522134944445,0.09094876005950944,-2.238301766179727,0.4200898782812498,-2.8407695978579204,0.3176971267430235,0,0,0,0,0
243,0.0007321583597283,2.8327891701163705e-05,0.0001985363157894,0.0128311765821356,0.0033492268421052,d,0,-3.1353949152012124,0.2779593128869672,-4.5477842134788125,0.3270963863351589,-3.7021598227755135,0.12199491881186282,-1.8917335148545413,0.5573331630866367,-2.475055423865107,0.4884432445401492,0,0,0,0,0
244,0.0005969373803389,3.031680458470395e-05,0.0001900747368421,0.0072842961863467,0.0021746084210526,d,0,-3.224071151895158,0.21356811209957605,-4.518315143093047,0.34585014135350267,-3.721075373634086,0.11613948760084272,-2.1376123977331742,0.4599635239996467,-2.6626189145480534,0.40087284078757324,0,0,0,0,0
245,0.0005595433084588,2.883609972500303e-05,0.0002219378947368,0.006119872394361,0.0017228163157894,d,0,-3.252166215975935,0.1931672135070513,-4.540061975131887,0.33201072412239546,-3.6537683422384086,0.13697481485628715,-2.213257626150564,0.43000752085117855,-2.763760998731595,0.35365121404091837,0,0,0,0,0
246,0.0004419747151826,2.9551342304429422e-05,0.0001417636842105,0.0042589902877807,0.0012293284210526,d,0,-3.354602477118884,0.11878433366145685,-4.529421317843003,0.3387823079361244,-3.8484347023432885,0.07671458298589359,-2.3706933400949555,0.36766195271332947,-2.9103320424067194,0.28521953031434727,0,0,0,0,0
247,0.0011247427839981,2.8196134065350265e-05,0.0002637478947368,0.006872296333313,0.0017131178947368,d,0,-2.948946745839777,0.4133464465474708,-4.549808892881149,0.3258079051918769,-3.5788108336015614,0.16017839686424093,-2.1628981156821268,0.44995021500002746,-2.7662127230249984,0.35250654305254225,0,0,0,0,0
248,0.0003599775464911,4.471289484122097e-05,0.0004385236842105,0.0244532415741368,0.0063250605263158,d,0,-3.4437244667520988,0.05406945464769813,-4.349566240454996,0.45323987364777296,-3.358006846833277,0.22852970026044897,-1.6116635599403808,0.6682426893941975,-2.198935307377722,0.6173593251535233,0,0,1,1,1
249,0.0004608442908839,2.923764680562435e-05,0.0002814868421052,0.0085711008624026,0.0022685305263158,d,0,-3.336445694108754,0.131968666962536,-4.534056099141974,0.3358327899531446,-3.55054174682752,0.16892927566451338,-2.066963389140264,0.487940991556065,-2.644255353162272,0.40944649485549833,0,0,0,0,0
250,0.0012848189002589,2.984624159964676e-05,0.0002226131578947,0.006236173604664,0.0017692652631578,d,0,-2.8911580495509326,0.45530902507704196,-4.525108894700663,0.34152668114125734,-3.6524489745069233,0.13738323367800237,-2.2050817963173213,0.43324520271624717,-2.7522070245735235,0.3590455803874025,0,0,0,0,0
251,0.0007440918370297,6.65030981365003e-05,0.0004906789473684,0.0051448784376445,0.0012634999999999,d,0,-3.1283734014461597,0.28305790207939613,-4.177157468988067,0.5629587015842726,-3.3092024865606886,0.24363740589961488,-2.2886248737787933,0.40016159990577216,-2.8984247193717647,0.29077886961852956,0,0,1,0,0
252,0.0008811135041086,5.011182082326204e-05,0.0004939021052631,0.0048516141740899,0.0011337684210526,d,0,-3.054968093339667,0.3363602986330401,-4.300058950142069,0.48474570610182705,-3.306359034718271,0.24451761482345805,-2.3141137348651024,0.39006784490064067,-2.9454756053120086,0.26881156103570747,0,0,1,0,0
253,0.0008144504145572,4.397567949796978e-05,0.0005573978947368,0.0053283289859169,0.0013190057894736,d,0,-3.0891352979823914,0.31155018696708386,-4.356786453663188,0.4486450185025608,-3.2538345980129355,0.2607768942029053,-2.273408960304684,0.4061872007463462,-2.8797532652874667,0.29949627387911426,0,0,1,0,0
254,0.0006900617950841,2.929725145038221e-05,0.00033705,0.0078852113924528,0.0020312178947368,d,0,-3.161111953483159,0.25928518961101954,-4.533171639116032,0.33639564946764233,-3.4723055396735605,0.19314780002186882,-2.1031866537905723,0.4735963428238922,-2.692243464664721,0.3870416105984837,0,0,1,0,0
255,0.0006643972898784,3.224924991003008e-05,0.0001961831578947,0.0050313002184817,0.0012517663157894,d,0,-3.177572082366993,0.24733286164289278,-4.491479035550645,0.36292831110599116,-3.7073380576807846,0.12039196267756778,-2.29831975884862,0.39632236227305184,-2.9024767045106348,0.28888706235199657,0,0,0,0,0
256,0.0008123705261632,4.9556556500880776e-05,0.0001604389473683,0.0056835350237394,0.0014776363157894,d,0,-3.0902457882778966,0.31074381756919073,-4.3048980023807335,0.48166619259777305,-3.7946899253735054,0.09335162659361725,-2.2453814517599264,0.41728627667983187,-2.8304324144130306,0.32252339290301735,0,0,0,0,0
257,0.0009511520988062,2.2928965719099264e-05,0.0002608342105262,0.0038281302703054,0.0011182942105263,d,0,-3.0217499837850124,0.3604812361226815,-4.639613640922313,0.2686572648017547,-3.583635281451944,0.15868495780289488,-2.4170132803674713,0.3493189546727371,-2.9514438846278694,0.26602506656658104,0,0,0,0,0
258,0.0011981600209286,2.5062184584779883e-05,0.0001823710526315,0.0033033207843178,0.0008938926315789,d,0,-2.9214851393850068,0.4332873673747317,-4.600979342865407,0.2932436583180861,-3.739043857036993,0.11057722725121098,-2.4810492369293233,0.32396029879298266,-3.048714594043515,0.22061092298345536,0,0,0,0,0
259,0.001508217108877,3.885595422038538e-05,0.0001674805263157,0.0127272292187339,0.0035057042105263,d,0,-2.821536108185325,0.5058641746054711,-4.410541303512843,0.41443609124657177,-3.7760354236767717,0.099126248346786,-1.8952661307180678,0.5559342241959214,-2.455224717370086,0.49770188527105397,0,0,0,0,0
260,0.000737610616182,5.2624627163523984e-05,0.0002348752631578,0.0043968338715402,0.0011474678947368,d,0,-3.132172782376197,0.2802990265400769,-4.278810142779708,0.4982681865360311,-3.6291625353967647,0.14459170164061252,-2.3568599334263007,0.37314007185435116,-2.940259418995968,0.27124691527272415,0,0,0,0,0
261,0.0015730795107389,2.206626691316888e-05,0.0001310889473684,0.0043175440085561,0.0010805426315789,d,0,-2.803249297955408,0.519142925634786,-4.656269164774263,0.2580578936667725,-3.882433592567528,0.06619000643787101,-2.364763216932555,0.37001032010992835,-2.966358053656296,0.2590618788017448,0,0,0,0,0
262,0.0008533847959418,3.9944523259224784e-05,0.0001771189473684,0.0046139014394659,0.0011180657894736,d,0,-3.0688550479861743,0.3262764507127133,-4.398541670567748,0.4220725105029816,-3.7517347323041044,0.10664868466263869,-2.3359316775485404,0.38142779749260197,-2.951532602002721,0.2659836458385528,0,0,0,0,0
263,0.0007286981400869,3.08595205608284e-05,0.0001001178947368,0.0042999982833862,0.0011305799999999,d,0,-3.1374522793587953,0.27646538222975026,-4.510609418174087,0.3507539701976839,-3.999487857460377,0.02995510103325342,-2.3665317076963635,0.3693099862488635,-2.946698663079238,0.26824053486158905,0,0,0,0,0
264,0.0011650606205588,1.6155982662790474e-05,0.0002981878947368,0.0029661059379577,0.0006930631578947,d,0,-2.9336514395165696,0.42445295238579916,-4.791663933423446,0.17189432322585982,-3.5255098455393497,0.17667806274292422,-2.527813327051157,0.3054414145192079,-3.159227124261473,0.16901438436249216,0,0,0,0,0
265,0.0009844554098028,3.134576897871537e-05,0.0002786484210526,0.0062887574497021,0.0016215605263157,d,0,-3.0068039060202656,0.3713341537724838,-4.503819686028249,0.3550748724737434,-3.5549432576513817,0.16756675949745176,-2.2014351482919965,0.4346892990857529,-2.7900668094441947,0.3413694503738348,0,0,0,0,0
266,0.0008459373524314,2.904942161157343e-05,0.0002571742105263,0.0106634811351174,0.0023199742105262,d,0,-3.072661746970567,0.3235122612547509,-4.536861015189815,0.3340477757765986,-3.589772415817356,0.15678516813363597,-1.9721009909578535,0.5255071190974323,-2.6345168240998267,0.4139932588277903,0,0,0,0,0
267,0.0009044095089561,1.7671208632637287e-05,0.0003048757894736,0.0053608574365314,0.0014365063157894,d,0,-3.043634832113451,0.34458981227051994,-4.752731288020738,0.196670581334467,-3.5158769196247888,0.17965999731492227,-2.2707657338902285,0.4072339356224265,-2.8426924300022036,0.31679938706772626,0,0,0,0,0
268,0.00191478039089,2.1605115187795534e-05,0.0003171910526315,0.0035576600777475,0.001020497368421,d,0,-2.7178810060605625,0.5811321014187073,-4.66544140376114,0.25222079325342933,-3.498678934900795,0.1849837448109611,-2.4488355374149133,0.336717133616098,-2.9911880683140586,0.24746914078623103,0,0,0,0,0
269,0.0012766373784918,3.8423036274180445e-05,0.0001937226315789,0.0056691012884441,0.0013567363157894,d,0,-2.893932410052495,0.4532944560022482,-4.415407188902235,0.41133950145444564,-3.712819415831985,0.11869517278034032,-2.2464857758458527,0.41684895714908227,-2.867504518064122,0.30521501869403495,0,0,0,0,0
270,0.0013303850826464,5.536016665006939e-05,0.00025334,0.0059888833447506,0.0014491305263157,d,0,-2.8760226007779695,0.46629945224538033,-4.2568018267092675,0.5122740089983062,-3.5962960623596048,0.15476573111809513,-2.2226541390437298,0.4262864405437842,-2.838892464955909,0.3185735301706194,0,0,0,0,0
271,0.0009601430086445,2.8817277205588588e-05,0.0002340099999999,0.0063121256075407,0.0014992878947368,d,0,-3.017664030853571,0.36344820253245724,-4.540345548746669,0.3318302613513725,-3.6307653978053986,0.14409552520648913,-2.199824360630761,0.4353271814910415,-2.8241149365235665,0.32547292261940286,0,0,0,0,0
272,0.0014378867651286,2.608801189223587e-05,0.0002144642105262,0.0040906950047141,0.0008936031578947,d,0,-2.84227528348253,0.49080466767875935,-4.583557351503679,0.3043307999772054,-3.668644969358673,0.13236965863292366,-2.3882028889383844,0.3607280573275177,-3.048855256540711,0.22054524990588878,0,0,0,0,0
273,0.0013706025324369,8.172424216020648e-05,0.0001444505263157,0.0052254074498226,0.0013793310526315,d,0,-2.8630884383936266,0.4756914413301382,-4.087648566585369,0.6199210694379897,-3.8402805707816206,0.07923874719353108,-2.2818798315831192,0.4028326805473069,-2.860331455002456,0.3085640074879927,0,1,0,0,0
274,0.0016357710486964,1.7131629743068272e-05,0.0001509957894736,0.0089369949541593,0.0025144568421052,d,0,-2.7862774560500667,0.5314668279631006,-4.7661987853156225,0.18810003120606955,-3.821034875244789,0.08519637682677446,-2.0488084824090245,0.49513045286881757,-2.599555796895797,0.43031600509740875,0,0,0,0,0
275,0.0014201496842571,1.707829927142129e-05,0.0001291805263158,0.015177403625689,0.0038467557894736,d,0,-2.847665847838244,0.4868903731086803,-4.76755283740387,0.18723832906166332,-3.888802614166329,0.06421843457448125,-1.8188025132917538,0.5862143147222839,-2.414905372626987,0.5165263445799331,0,0,0,0,0
276,0.0017538415758233,2.9124711689201977e-05,0.0001885826315789,0.0050090990568462,0.0014467410526315,d,0,-2.756009614173939,0.5534454634612826,-4.535736873952358,0.334763165474927,-3.7244980778942933,0.11507996734149865,-2.3002403712162716,0.39556178726606134,-2.8396091648310597,0.31823891442419744,0,0,0,0,0
277,0.0011935359553286,2.510924088328093e-05,0.0002257605263157,0.0105284452438354,0.0025714836842105,d,0,-2.923164456930593,0.43206795079487814,-4.600164687307428,0.29376209512517465,-3.64635179874797,0.13927065390197485,-1.977635753072857,0.5233153172506823,-2.5898162099974136,0.4348632629564366,0,0,0,0,0
278,0.0026212491487201,2.164903439975283e-05,0.0001318536842105,0.0074778324679324,0.0013408210526315,d,0,-2.5814916810003288,0.6801695971744317,-4.664559463418057,0.2527820492726537,-3.879907401417346,0.06697200526076424,-2.1262242631236425,0.46447329947862304,-2.872629147282806,0.30282241100621493,1,0,0,0,0
279,0.0013501424538461,2.0284401743064784e-05,0.0003183605263158,0.0098686469228644,0.0025442189473684,d,0,-2.8696203744085196,0.47094835322506884,-4.692835655590671,0.23478742732105815,-3.4970806495749325,0.18547850437948457,-2.005742384390261,0.5121849081838833,-2.5944455003475047,0.43270192108990757,0,0,0,0,0
280,0.0010889078441419,2.115023763553308e-05,0.0003901584210526,0.0044338860009845,0.0011060499999999,d,0,-2.9630088337805627,0.40313542765624055,-4.674682695330144,0.24633974862360225,-3.4087589036639585,0.21281907254403956,-2.3532154673670576,0.37458330415107693,-2.9562252006436984,0.2637927463402393,0,0,1,0,0
281,0.0011717426149468,1.0822948656619149e-05,0.0002693294736842,0.0049249498467696,0.001134184736842,d,0,-2.931167737929997,0.4262564629261589,-4.96565038911356,0.061171476396649396,-3.5697159563445893,0.16299377499142548,-2.307598178963776,0.39264804747491555,-2.945316163186387,0.2688860020224102,0,0,0,0,0
282,0.0010930770321896,1.6937130375918158e-05,0.0001752668421052,0.0063425051538567,0.0016629452631579,d,0,-2.961349191296035,0.4043405574231403,-4.7711576052683355,0.18494429899749004,-3.756299990438814,0.10523547945554702,-2.1977391643553403,0.43615293279748224,-2.7791220194929482,0.3464793983254749,0,0,0,0,0
283,0.0015025076113249,1.1604083211833477e-05,8.012052631576221e-05,0.0070021215238069,0.0019517189473684,d,0,-2.8231832903886116,0.5046680927244672,-4.935385422987249,0.08043172970431652,-4.096255664415702,0.0,-2.1547703499992257,0.4531688631485077,-2.7095826994558827,0.37894619828826265,0,0,0,0,0
284,0.0011963467848928,8.674044358097055e-06,0.0001227110526315,0.0057839155197143,0.0015530484210526,d,0,-2.9221428769095508,0.43280975904822494,-5.061773354448811,0.0,-3.911115964524748,0.05731119253389838,-2.237778051494952,0.4202972727074978,-2.8088149756325365,0.33261623045477967,0,0,0,0,0
285,0.0007613144422832,1.987971757589971e-05,0.000126524736842,0.0054657490629898,0.0013346894736842,d,0,-3.1184358744323175,0.2902739198214089,-4.701587605157197,0.22921779394087488,-3.897824214056043,0.06142573993066508,-2.2623503030548195,0.41056650104493075,-2.874619732136702,0.3018930386708807,0,0,0,0,0
