mutated_position,seq,seq-order,hot_spot_residues,ori_label_5A,Region
1,G,,0,0,d
2,A,,0,0,d
3,M,,0,0,d
4,E,,0,0,d
5,S,,0,0,d
6,K,,0,0,d
7,K,,0,0,d
8,R,,0,0,d
9,Q,127,0,0,d
10,W,128,0,0,d
11,A,129,0,0,d
12,L,130,0,0,d
13,E,131,0,0,d
14,D,132,0,0,d
15,F,133,0,0,d
16,E,134,0,0,d
17,I,135,0,0,d
18,G,136,0,0,d
19,R,137,1,1,a
20,P,138,0,0,d
21,L,139,1,1,a
22,G,140,0,1,a
23,K,141,0,1,a
24,G,142,1,1,a
25,K,143,0,1,a
26,F,144,0,0,d
27,G,145,0,1,a
28,N,146,0,0,d
29,V,147,1,1,a
30,Y,148,0,0,d
31,L,149,0,0,d
32,A,150,0,0,d
33,R,151,0,0,d
34,E,152,0,0,d
35,K,153,0,0,d
36,Q,154,0,0,d
37,S,155,0,0,d
38,K,156,0,0,d
39,F,157,0,0,d
40,I,158,0,0,d
41,L,159,0,0,d
42,A,160,2,1,a
43,L,161,0,0,d
44,K,162,1,1,a
45,V,163,0,0,d
46,L,164,0,0,d
47,F,165,0,0,d
48,K,166,0,0,d
49,A,167,0,0,d
50,Q,168,0,0,d
51,L,169,0,0,d
52,E,170,0,0,d
53,K,171,0,0,d
54,A,172,0,0,d
55,G,173,0,0,d
56,V,174,0,0,d
57,E,175,0,0,d
58,H,176,0,0,d
59,Q,177,0,0,d
60,L,178,0,0,d
61,R,179,0,0,d
62,R,180,0,0,d
63,E,181,0,0,d
64,V,182,0,0,d
65,E,183,0,0,d
66,I,184,0,0,d
67,Q,185,0,1,b
68,S,186,0,0,d
69,H,187,0,0,d
70,L,188,0,0,d
71,R,189,0,0,d
72,H,190,0,0,d
73,P,191,0,0,d
74,N,192,0,0,d
75,I,193,0,0,d
76,L,194,2,1,b
77,R,195,2,1,b
78,L,196,1,1,b
79,Y,197,0,0,d
80,G,198,0,0,d
81,Y,199,0,0,d
82,F,200,0,0,d
83,H,201,0,0,d
84,D,202,0,0,d
85,A,203,0,0,d
86,T,204,0,0,d
87,R,205,0,0,d
88,V,206,0,0,d
89,Y,207,0,0,d
90,L,208,0,1,b
91,I,209,0,1,b
92,L,210,1,1,b
93,E,211,0,1,b
94,Y,212,0,1,b
95,A,213,1,1,b
96,P,214,0,1,b
97,L,215,0,1,b
98,G,216,1,1,b
99,T,217,0,1,b
100,V,218,0,0,d
101,Y,219,0,0,d
102,R,220,0,1,b
103,E,221,0,0,d
104,L,222,0,0,d
105,Q,223,0,0,d
106,K,224,0,0,d
107,L,225,0,0,d
108,S,226,0,0,d
109,K,227,0,0,d
110,F,228,0,0,d
111,D,229,0,0,d
112,E,230,0,0,d
113,Q,231,0,0,d
114,R,232,0,0,d
115,T,233,0,0,d
116,A,234,0,0,d
117,T,235,0,0,d
118,Y,236,0,0,d
119,I,237,0,0,d
120,T,238,0,0,d
121,E,239,0,0,d
122,L,240,0,0,d
123,A,241,0,0,d
124,N,242,0,0,d
125,A,243,0,0,d
126,L,244,0,0,d
127,S,245,0,0,d
128,Y,246,0,0,d
129,C,247,0,0,d
130,H,248,0,0,d
131,S,249,0,0,d
132,K,250,0,0,d
133,R,251,0,0,d
134,V,252,0,0,d
135,I,253,0,0,d
136,H,254,0,0,d
137,R,255,0,0,d
138,D,256,0,0,d
139,I,257,0,0,d
140,K,258,0,0,d
141,P,259,0,0,d
142,E,260,0,0,d
143,N,261,0,1,c
144,L,262,0,0,d
145,L,263,1,1,c
146,L,264,0,0,d
147,G,265,0,0,d
148,S,266,0,0,d
149,A,267,0,0,d
150,G,268,0,0,d
151,E,269,0,0,d
152,L,270,0,0,d
153,K,271,0,0,d
154,I,272,0,1,c
155,A,273,1,1,c
156,D,274,0,1,c
157,F,275,1,1,c
158,G,276,0,0,d
159,W,277,0,1,c
160,S,278,0,0,d
161,V,,0,0,d
162,H,,0,0,d
163,A,,0,0,d
164,P,,0,0,d
165,S,,0,0,d
166,S,,0,0,d
167,R,,0,0,d
168,R,,0,0,d
169,T,,0,0,d
170,T,,0,0,d
171,L,,0,0,d
172,C,,0,0,d
173,G,,0,0,d
174,T,292,0,0,d
175,L,293,0,0,d
176,D,294,0,0,d
177,Y,295,0,0,d
178,L,296,0,0,d
179,P,297,0,0,d
180,P,298,0,0,d
181,E,299,0,0,d
182,M,300,0,0,d
183,I,301,0,0,d
184,E,302,0,0,d
185,G,303,0,0,d
186,R,304,0,0,d
187,M,305,0,0,d
188,H,306,0,0,d
189,D,307,0,0,d
190,E,308,0,0,d
191,K,309,0,0,d
192,V,310,0,0,d
193,D,311,0,0,d
194,L,312,0,0,d
195,W,313,0,0,d
196,S,314,0,0,d
197,L,315,0,0,d
198,G,316,0,0,d
199,V,317,0,0,d
200,L,318,0,0,d
201,C,319,0,0,d
202,Y,320,0,0,d
203,E,321,0,0,d
204,F,322,0,0,d
205,L,323,0,0,d
206,V,324,0,0,d
207,G,325,0,0,d
208,K,326,0,0,d
209,P,327,0,0,d
210,P,328,0,0,d
211,F,329,0,0,d
212,E,330,0,0,d
213,A,331,0,0,d
214,N,332,0,0,d
215,T,333,0,0,d
216,Y,334,0,0,d
217,Q,335,0,0,d
218,E,336,0,0,d
219,T,337,0,0,d
220,Y,338,0,0,d
221,K,339,0,0,d
222,R,340,0,0,d
223,I,341,0,0,d
224,S,342,0,0,d
225,R,343,0,0,d
226,V,344,0,0,d
227,E,345,0,0,d
228,F,346,0,0,d
229,T,347,0,0,d
230,F,348,0,0,d
231,P,349,0,0,d
232,D,350,0,0,d
233,F,351,0,0,d
234,V,352,0,0,d
235,T,353,0,0,d
236,E,354,0,0,d
237,G,355,0,0,d
238,A,356,0,0,d
239,R,357,0,0,d
240,D,358,0,0,d
241,L,359,0,0,d
242,I,360,0,0,d
243,S,361,0,0,d
244,R,362,0,0,d
245,L,363,0,0,d
246,L,364,0,0,d
247,K,365,0,0,d
248,H,366,0,0,d
249,N,367,0,0,d
250,P,368,0,0,d
251,S,369,0,0,d
252,Q,370,0,0,d
253,R,371,0,0,d
254,P,372,0,0,d
255,M,373,0,0,d
256,L,374,0,0,d
257,R,375,0,0,d
258,E,376,0,0,d
259,V,377,0,0,d
260,L,378,0,0,d
261,E,379,0,0,d
262,H,380,0,0,d
263,P,381,0,0,d
264,W,382,0,0,d
265,I,383,0,0,d
266,T,384,0,0,d
267,A,385,0,0,d
268,N,386,0,0,d
269,S,387,0,0,d
270,S,388,0,0,d
271,K,,0,0,d
272,P,,0,0,d
273,S,,0,0,d
274,N,,0,0,d
275,C,,0,0,d
276,Q,,0,0,d
277,N,,0,0,d
278,K,,0,0,d
279,E,,0,0,d
280,S,,0,0,d
281,A,,0,0,d
282,S,,0,0,d
283,K,,0,0,d
284,Q,,0,0,d
285,S,,0,0,d
,,,,,d
,,,,,d
,,,,,d
,,,,,d
,,,,,d
